Date,Client,Mission Reference,Prix Client,Prix Driver,Adresse de départ,Adresse d'arrivée,Retard driver,Driver login,mission Status,Distance total,Durée de la mission,Rating Client
2023-04-17,Company A,EUz6kKq,106,45,1 rue de l'ile de France 94460 Valenton,"2 Allée des Aulnes, Trappes, France",-187,test_3@test.com,FINISHED,86,57,
2023-04-17,Company B,GHle2KU,30,23,"120 Avenue Saint-Exupéry, Antony, France","74, route de la Reine 92100 Boulogne",-122,test_4@test.com,FINISHED,36,80,
2023-04-17,Company C,668k6ee,22.5,15,"13 Rue du Commerce, Paris, France","93 Avenue Emile Zola, 75015 Paris, France",-93,test_1@test.com,FINISHED,2,21,
2023-04-17,Company C,Z8lxGlD,22.5,20,"39 Avenue Louis Breguet, 78140 Vélizy-Villacoublay, France","22 Rue Thuret, L'Hay-les-Roses, France",-154,test_2@test.com,FINISHED,30,58,4
2023-04-17,Company D,IMkgFPA,551,477.04,"15 Rue d'Ebersheim, 67600 Sélestat, France","3 Imp. des Vignes, 49360 Toutlemonde, France",-335,test_5@test.com,FINISHED,"1,558",573,2
2023-04-17,Company D,ju68vsi,199,140,"Rue de Gautray, Saint-Cyr-en-Val, France","Rue du Bois Barbier, 60880 Le Meux, France",-426,test_4@test.com,FINISHED,436,252,
2023-04-17,Company E,3cwHLuH,22.5,20,"117 Rue Charles Michels, Saint-Denis, France","80 Rue de Longchamp, 75016 Paris, France",-96,test_2@test.com,FINISHED,24,62,4
2023-04-17,Company E,LTxE09P,22.5,NULL,"61 Rue Henri Regnault, Courbevoie, France","116 Avenue Henri Barbusse, 92700 Colombes, France",-128,test_1@test.com,FINISHED,8,32,
2023-04-17,Company E,LYItNMu,22.5,NULL,"116 Avenue Henri Barbusse, 92700 Colombes, France","61 Rue Henri Regnault, Courbevoie, France",100000,test_5@test.com,FINISHED,8,26,2
2023-04-17,Company E,NbrOFnn,35,NULL,"29 Rue Pierre Lamandé, Houilles, France","10 Av. de Saint-Germain, 78560 Le Port-Marly, France",193,test_1@test.com,FINISHED,26,46,
2023-04-17,Company F,GAc1JRq,44,30,"30 Rue de Paris, 93130 Noisy-le-Sec, France","64 Rue des Vanesses, Villepinte, France",-104,test_2@test.com,FINISHED,28,17,4
2023-04-17,Company F,KSCA2Bl,25,20,"77 Rue Vergniaud, Paris, France","11 Boulevard du Colonel Fabien, 94200 Ivry-sur-Seine, France",-147,test_5@test.com,FINISHED,14,40,2
2023-04-17,Company F,PqNM5Ur,25,20,"11 Boulevard du Colonel Fabien, 94200 Ivry-sur-Seine, France","77 Rue Vergniaud, Paris, France",-154,test_5@test.com,FINISHED,14,34,2
2023-04-17,Company F,SMpLYqI,44,30,"64 Rue des Vanesses, Villepinte, France","30 Rue de Paris, 93130 Noisy-le-Sec, France",-137,test_2@test.com,FINISHED,28,42,5
2023-04-17,Company F,oIG89je,25,20,"8 Rue de Rémusat, Paris, France","11 Boulevard du Colonel Fabien, 94200 Ivry-sur-Seine, France",-150,test_1@test.com,FINISHED,32,49,
2023-04-17,Company G,B0C7zzJ,465,521,"Rue du Bois Barbier, 60880 Le Meux, France","120 Av. François Mitterrand, 13170 Les Pennes-Mirabeau, France",650,test_4@test.com,FINISHED,"1,81","1,539",
2023-04-17,Company G,Lp8xpu6,465,378,"Rue Santos Dumont, 44860 Saint-Aignan-Grandlieu, France","Rue des Garennes, Reyrieux, France",-200,test_2@test.com,FINISHED,"1,236",479,5
2023-04-17,Company G,SJf6HPK,685,390,"Rue du Bois Barbier, 60880 Le Meux, France","9 Rue Maurice Trintignant, Le Mans, France","2,449",test_5@test.com,FINISHED,"1,186","2,995",2
2023-04-17,Company G,WGAkGgl,465,598,"Rue Santos Dumont, 44860 Saint-Aignan-Grandlieu, France","17 Rue Fernand Bessy, 83120 Sainte-Maxime, France",457,test_3@test.com,FINISHED,"2,066","1,275",
2023-04-17,Company H,7qwwH0r,393,250,"8 Cours Louis Lumière, Vincennes, France","62 Cours Albert Thomas, Lyon, France",-333,test_1@test.com,FINISHED,972,290,
2023-04-17,Company H,Bb1lY4U,175,120,"23 Rue Delarivière-Lefoullon, Puteaux, France","Avenue des Montoires, 45500 Gien, France",-231,test_5@test.com,FINISHED,320,134,2
2023-04-17,Company H,ZPGE0Qp,326,250,"100 Chemin des Pailles, Lorgues, France","39 Rue Docteur Albéric Pont, Lyon, France",-221,test_4@test.com,FINISHED,772,14,
2023-04-17,Company H,dtOtz9c,175,143.42,"65 Avenue Jean Mermoz, Auxerre, France","14 Rue Montalivet, Paris, France",-28,test_3@test.com,FINISHED,380,141,
2023-04-17,Company H,FZeiDTY,175,115,"14 Rte de Dhuizon, 41250 Neuvy, France","252 Rue de Rosny, Montreuil, France",-211,test_2@test.com,FINISHED,362,213,5
2023-04-17,Company I,boOqhy0,352,219,"20 Rue Louise de Vilmorin, 91630 Avrainville, France","4 Rue des Douelles, Bouaye, France",-131,test_2@test.com,FINISHED,810,279,5
2023-04-17,Company I,zJZCvsn,334,295.02,"14 Rte de Dhuizon, 41250 Neuvy, France","61 Rue Jean Briaud, Mérignac, France",-109,test_1@test.com,FINISHED,872,317,
2023-04-17,Company I,jZc7Qg3,20,15,"170 Rue de l'Étang, 69760 Limonest, France","44 Avenue de Lanessan, Champagne-au-Mont-d'Or, France",-247,test_3@test.com,FINISHED,6,21,
2023-04-17,Company J,zaVkptp,20,15,"44 Avenue de Lanessan, Champagne-au-Mont-d'Or, France","170 Rue de l'Étang, 69760 Limonest, France",-151,test_3@test.com,FINISHED,6,22,
2023-04-17,Company J,Cik6qQQ,429,156,"7 Chemin de Bretagne, Issy-les-Moulineaux, France","2 Rue de Lalande, Bordeaux, France",-191,test_1@test.com,FINISHED,"1,18",520,
2023-04-17,Company K,v2Zigne,438,335,"27 Rue Principale, Bistroff, France","4 Rue Gaston Monmousseau, Échirolles, France",-767,test_1@test.com,FINISHED,"1,096",927,
2023-04-17,Company K,MtxZ01m,115.77,106.12,"8 Rue Jean Perrin, Luisant, France","1598 Rte de Quarante Sous, 78630 Orgeval, France",-60,test_2@test.com,CANCELLED,190,127,5
2023-04-18,Company L - M,Gv7DwJc,84,47,139 Avenue Felix Faure 69003  Lyon,"7 Rue des Frères Salvez, 01500 Ambérieu-en-Bugey, France",-145,test_4@test.com,FINISHED,112,74,
2023-04-18,Company A,LbD25Ep,175,120,"Route de Picardie, 60190 Avrigny, France","7 rue eugene bourgoin,  reims, France",23,test_4@test.com,FINISHED,234,121,
2023-04-18,Company A,56SoJea,22.5,22,"39 Avenue Louis Breguet, 78140 Vélizy-Villacoublay, France","24 Rue Jacques Dulud, Neuilly-sur-Seine, France",-215,test_3@test.com,FINISHED,68,53,
2023-04-18,Company C,D3Etpn0,22.5,20,"92 Boulevard de Courcelles, Paris, France","93 Avenue Emile Zola, 75015 Paris, France",-57,test_1@test.com,FINISHED,10,40,
2023-04-18,Company C,Dr36fua,33.3,28,"74, route de la Reine 92100 Boulogne","120 Avenue Saint-Exupéry, Antony, France",-231,test_1@test.com,FINISHED,36,50,
2023-04-18,Company B,FgIfjtL,30,25,"3 Boulevard Gallieni, Issy-les-Moulineaux, France","74, route de la Reine 92100 Boulogne",-158,test_2@test.com,FINISHED,6,21,5
2023-04-18,Company B,290K7Az,38,24,"30 Rue de Paris, 93130 Noisy-le-Sec, France","3 Avenue Blanche, Villemomble, France",-99,test_5@test.com,FINISHED,16,44,2
2023-04-18,Company F,EMpZzzA,44,30,"30 Rue de Paris, 93130 Noisy-le-Sec, France","64 Rue des Vanesses, Villepinte, France",-124,test_4@test.com,FINISHED,28,40,
2023-04-18,Company F,HudL1Xb,38,24,"3 Avenue Blanche, Villemomble, France","30 Rue de Paris, 93130 Noisy-le-Sec, France",-163,test_1@test.com,FINISHED,20,40,
2023-04-18,Company F,NeLQL4v,NULL,30,"64 Rue des Vanesses, Villepinte, France","30 Rue de Paris, 93130 Noisy-le-Sec, France",-127,test_2@test.com,FINISHED,28,41,5
2023-04-18,Company F,GVvKwoM,22.5,20,"4 Cours de l'Île Seguin, Boulogne-Billancourt, France","15-17 Rue Barbès, 92120 Montrouge, France",-90,test_1@test.com,FINISHED,18,58,
2023-04-18,Company E,IQuWqjO,22.5,20,"43 Rue Servan, Paris, France","15-17 Rue Barbès, 92120 Montrouge, France",-151,test_1@test.com,FINISHED,22,61,
2023-04-18,Company E,gQqiKmh,70,48,"10 Av. de Saint-Germain, 78560 Le Port-Marly, France","29 Rue Pierre Lamandé, Houilles, France",-88,test_3@test.com,CANCELLED,26,202,
2023-04-18,Company E,UzQf4q2,51,45,"280 Avenue de Colmar, Strasbourg, France","4 Place Adrien Zeller, Strasbourg, France",-451,test_4@test.com,FINISHED,20,38,
2023-04-18,Company E,jytAJHR,51,45,"4 Place Adrien Zeller, Strasbourg, France","280 Avenue de Colmar, Strasbourg, France",-205,test_4@test.com,FINISHED,20,44,
2023-04-18,Company E,otzReA8,449,355.09,"2 Rue Lisbonne, Agen, France","15 Avenue du Centre, Guyancourt, France",-407,test_5@test.com,FINISHED,"1,22",512,2
2023-04-18,Company G,lB0uD1Z,51,100,"Rue de la Pierre Percée, Montoir-de-Bretagne, Pays de la Loire, 44550, France","1 Rue Thomas Edison, Saint-Nazaire, Pays de la Loire, 44600, France",-419,test_2@test.com,FINISHED,28,39,5
2023-04-18,Company G,tDQIIbT,199,195.82,"Rue de Gautray, Saint-Cyr-en-Val, France","Rue du Bois Barbier, 60880 Le Meux, France",-437,test_1@test.com,FINISHED,436,248,
2023-04-18,Company G,B06IoMI,80,40,"135 Rue de Paris, Saint-Ouen-l'Aumône, France","26 Allée des Frères Voisin, Paris, France",-150,test_2@test.com,FINISHED,86,69,5
2023-04-18,Company G,mCh4WYb,334,168,"4 Rue du Château de l'Éraudière, Nantes, France","20 Avenue André Prothin, Courbevoie, France",-410,test_3@test.com,FINISHED,896,"1,098",
2023-04-18,Company H,fqg6cme,64.77,88.32,"11 Rue des Sablons, 75116 Paris, France","61 Rue Henri Regnault, Courbevoie, France",1,test_5@test.com,FINISHED,12,42,2
2023-04-19,Company H,1A6glcU,281,165,"SOMEDAT STVA, QUARTIER DU PARC DE L'ARTILLERIE, MIRAMAS, 13140, FRA","1094 Route Jean Natale, Carros, France",-217,test_2@test.com,FINISHED,544,224,5
2023-04-19,Company H,5N8Jk93,106,22,1 rue de l'ile de France 94460 Valenton,17 rue jouffroy d'abbans 75017  paris,-280,test_1@test.com,FINISHED,42,99,
2023-04-19,Company H,EGReGAH,132,60,"7 Rue des Frères Salvez, 01500 Ambérieu-en-Bugey, France",3 rue des vergers 69760  limonest,-179,test_5@test.com,FINISHED,52,72,2
2023-04-19,Company H,LXnWSmo,344,228,1 rue de l'ile de France 94460 Valenton,"20 rue du bourg nouveau,  rennes, France",30,test_3@test.com,FINISHED,732,227,
2023-04-19,Company I,35BVUPp,28,20,"3 Place de l'Europe, Vélizy-Villacoublay, France","105, Bd Gabriel Péri 92240 Malakoff",-138,test_2@test.com,FINISHED,30,59,
2023-04-19,Company I,Eo8z29g,30,23,"25 Avenue du Docteur Lannelongue, Montrouge, France","105, Bd Gabriel Péri 92240 Malakoff",-137,test_3@test.com,FINISHED,6,32,
2023-04-19,Company I,Q7EvquM,30,23,"74, route de la Reine 92100 Boulogne","174 Rue des Vignes, 92000 Nanterre, France",-145,test_3@test.com,FINISHED,20,46,
2023-04-19,Company A,DDzWIIs,22.5,21,"142 Boulevard de la Villette, Paris, France","39 Avenue Louis Breguet, 78140 Vélizy-Villacoublay, France",-169,test_5@test.com,FINISHED,56,73,2
2023-04-19,Company A,JFJs9WP,0,0,"93 Avenue Emile Zola, 75015 Paris, France","2 Rue Corot, Paris, France",-141,test_4@test.com,CANCELLED,4,123,
2023-04-19,Company A,58UQduJ,22.5,20,"6 Rue Fructidor, Saint-Ouen-sur-Seine, France","11 Rue des Sablons, 75116 Paris, France",2,test_3@test.com,FINISHED,14,34,
2023-04-19,Company B,L74MYz1,22.5,16,"11 Rue des Sablons, 75116 Paris, France","6 Rue Fructidor, Saint-Ouen-sur-Seine, France",-86,test_2@test.com,FINISHED,16,69,
2023-04-19,Company B,P5CGvEK,22.5,20,"6 Rue Fructidor, Saint-Ouen-sur-Seine, France","11 Rue des Sablons, 75116 Paris, France",-61,test_2@test.com,FINISHED,14,39,
2023-04-19,Company C,ZN4BMZA,22.5,20,"11 Rue des Sablons, 75116 Paris, France","6 Rue Fructidor, Saint-Ouen-sur-Seine, France",100000,test_4@test.com,FINISHED,16,52,
2023-04-19,Company C,dVymG8b,22.5,20,"11 Rue des Sablons, 75116 Paris, France","61 Rue Henri Regnault, Courbevoie, France",-172,test_3@test.com,FINISHED,12,54,
2023-04-19,Company E,5jsc51j,38,27,"30 Rue de Paris, 93130 Noisy-le-Sec, France","53 Avenue Jean Jaurès, Le Bourget, France",-133,test_5@test.com,FINISHED,18,40,2
2023-04-19,Company E,8lnuShS,25,15,"11 Boulevard du Colonel Fabien, 94200 Ivry-sur-Seine, France","8 Rue de Rémusat, Paris, France",-477,test_1@test.com,FINISHED,30,42,
2023-04-19,Company E,PvQAsKx,38,27,"53 Avenue Jean Jaurès, Le Bourget, France","30 Rue de Paris, 93130 Noisy-le-Sec, France",-117,test_2@test.com,FINISHED,12,32,
2023-04-19,Company E,T4vhBkr,44,15,"26 Avenue Albert Einstein, Le Blanc-Mesnil, France","30 Rue de Paris, 93130 Noisy-le-Sec, France",-86,test_5@test.com,FINISHED,20,35,2
2023-04-19,Company E,phNslsw,44,30,"30 Rue de Paris, 93130 Noisy-le-Sec, France","26 Avenue Albert Einstein, Le Blanc-Mesnil, France",-147,test_1@test.com,FINISHED,20,40,
2023-04-19,Company F,Ha3F2uI,449,350,"Chemin des Crans, Bédoin, Provence-Alpes-Côte d'Azur, 84410, France","112 Route du Barp, Mios, Nouvelle-Aquitaine, 33380, France",-794,test_1@test.com,FINISHED,"1,298",380,
2023-04-19,Company F,6bp4S7a,60,30,"49 Rue Louis Blanc, Courbevoie, France","26 Allée des Frères Voisin, Paris, France",-64,test_4@test.com,FINISHED,24,46,
2023-04-19,Company F,U9GEgaK,518.38,366.38,"51 Rue Roger Salengro, Vénissieux, France","26 Allée des Frères Voisin, Paris, France",-233,test_4@test.com,FINISHED,992,460,
2023-04-19,Company F,L0QJkaa,81,50,"Zac De La Vatine, 76130 Mont-Saint-Aignan, France","363 Rue Denis Papin, Barentin, France",-149,test_3@test.com,FINISHED,34,45,
2023-04-19,Company F,ZJxQBxx,334,235.07,"4 Rue du Château de l'Éraudière, Nantes, France","20 Avenue André Prothin, Courbevoie, France",-32,test_1@test.com,FINISHED,896,323,
2023-04-19,Company G,cbGdtuX,393,320,"97 Allée Alexandre Borodine, Saint-Priest, France","9A Rue du Parc, Oberhausbergen, France",-231,test_2@test.com,FINISHED,940,442,
2023-04-19,Company G,KM3VdbN,75,55,"860 Route du Chaoure, Vignaux, France","5 Rue Seveso, 31150 Fenouillet, France",-157,test_4@test.com,FINISHED,74,95,
2023-04-19,Company G,ldw6Ef3,145,95,"6 Rue Jean de La Bruyère, Reims, France","1598 Rte de Quarante Sous, 78630 Orgeval, France",-71,test_4@test.com,FINISHED,390,207,
2023-04-19,Company G,ITpP4mw,45.65,20,"9 Av. Claude Vellefaux, 75010 Paris, France","126 Avenue Vauban, Livry-Gargan, France",100000,test_1@test.com,FINISHED,36,57,
2023-04-19,Company H,ey8wBrR,586,390,"5 Rte des Loges, 91290 La Norville, France","Traverse Decormis, Marseille, France","1,02",test_2@test.com,FINISHED,"1,646","1,26",
2023-04-19,Company H,tOXoQOr,352,318.55,"1193 Avenue de l'Europe, Villefranche-sur-Saône, France","37 Avenue Joffre, Gagny, France",-293,test_3@test.com,FINISHED,900,433,
2023-04-19,Company H,7stNfin,113,73,"Av. Aristide Briand, 76000 Rouen, France","6 Route de la Butte, Crouttes, France",-158,test_5@test.com,FINISHED,242,143,
2023-04-19,Company H,hb1QW5L,465,380,"1 Av. Louis Mouillard, 69500 Bron, France","20 Rue de Pont-Sainte-Maxence, Cinqueux, France",943,test_3@test.com,FINISHED,"1,13",16,
2023-04-19,Company H,Z1hzN9M,105,73,99 Boulevard Lefebvre 75015 Paris,"27 Avenue de Bir Hakeim, Noisy-le-Sec, France",-288,test_4@test.com,FINISHED,82,122,
2023-04-20,Company J,9MNgCJm,22.5,20,"6 Avenue Réaumur, Clamart, France","39 Avenue Louis Breguet, 78140 Vélizy-Villacoublay, France",-8,test_3@test.com,FINISHED,14,22,
2023-04-20,Company J,NUgo9pk,58.95,33,"39 Avenue Louis Breguet, 78140 Vélizy-Villacoublay, France","33 Rue des Vanesses, Villepinte, France",-96,test_5@test.com,FINISHED,86,116,
2023-04-20,Company J,E4AnarP,106,21,1 rue de l'ile de France 94460 Valenton,19 rue de vienne 75008  paris,-39,test_2@test.com,FINISHED,40,77,
2023-04-20,Company J,EMM2Kul,344,243.86,"7 Rue des Frères Salvez, 01500 Ambérieu-en-Bugey, France",280 avenue de verdun 83600  frejus,379,test_3@test.com,FINISHED,746,331,
2023-04-20,Company K,Flrsdt1,99,28,1 rue de l'ile de France 94460 Valenton,2 rue de boullay les troux 91470  les molieres,-251,test_1@test.com,FINISHED,44,108,
2023-04-20,Company K,H1TiQ6e,90,60,"131 Rue du 1er Mai, Nanterre, France","26 Allée des Frères Voisin, Paris, France",-43,test_4@test.com,FINISHED,34,53,
2023-04-20,Company K,arW9ryp,60,15,"9 Chemin de Bretagne, Issy-les-Moulineaux, France","26 Allée des Frères Voisin, Paris, France",-92,test_2@test.com,FINISHED,4,26,
2023-04-20,Company K,eTWX1Kq,60,30,"9 Chemin de Bretagne, Issy-les-Moulineaux, France","26 Allée des Frères Voisin, Paris, France",-104,test_5@test.com,FINISHED,4,30,0
2023-04-20,Company K,FtyBw4f,31.95,24,"74, route de la Reine 92100 Boulogne","174 Rue des Vignes, Nanterre, France",-212,test_3@test.com,FINISHED,18,48,
2023-04-20,Company C,bZ6wkqz,30,23,"174 Rue des Vignes, Nanterre, France","74, route de la Reine 92100 Boulogne",-139,test_5@test.com,FINISHED,18,55,0
2023-04-20,Company C,FGzHIX3,38,25,"12 Allée Notre-Dame-des-Anges, Le Raincy, France","30 Rue de Paris, 93130 Noisy-le-Sec, France",-148,test_5@test.com,FINISHED,16,38,0
2023-04-20,Company L - M,MQYsVDp,38,26,"30 Rue de Paris, 93130 Noisy-le-Sec, France","12 Allée Notre-Dame-des-Anges, Le Raincy, France",-96,test_5@test.com,FINISHED,16,45,0
2023-04-20,Company L - M,3s3IZ9M,22.5,20,"80 Quai Voltaire, Bezons, France","116 Avenue Henri Barbusse, 92700 Colombes, France",-96,test_4@test.com,FINISHED,12,56,
2023-04-20,Company L - M,EOLwWWJ,35,24,"10 Av. de Saint-Germain, 78560 Le Port-Marly, France","20 Rue Danton, Rueil-Malmaison, France",-99,test_3@test.com,FINISHED,18,41,
2023-04-20,Company N - O,DcJtdwQ,35,30,"4 Rue Albert de Dion, 44700 Orvault, France","3 Avenue Augustin-Louis Cauchy, Nantes, France",-194,test_4@test.com,FINISHED,22,24,
2023-04-20,Company N - O,EQZsChK,35,30,"3 Avenue Augustin-Louis Cauchy, Nantes, France","4 Rue Albert de Dion, 44700 Orvault, France",-145,test_3@test.com,FINISHED,20,24,
2023-04-20,Company P,G3yaWlk,35,30,"3 Avenue Augustin-Louis Cauchy, Nantes, France","4 Rue Albert de Dion, 44700 Orvault, France",-124,test_1@test.com,FINISHED,20,24,
2023-04-20,Company A,DdYmjZO,233,150,"9 Rue Gustave Eiffel, Castres, Occitanie, 81100, France","batiment e19 / 370 Avenue Alphonse Daudet, Salon-de-Provence, Provence-Alpes-Côte d'Azur, 13300, France",-517,test_2@test.com,FINISHED,594,243,
2023-04-20,Company A,GI83nnJ,551,489.51,"12 Rue Sainte-Barbe, Maxéville, Grand Est, 54320, France","2 Boulevard Euromediterranée Quai d'Arenc, Marseille, Provence-Alpes-Côte d'Azur, 13002, France",-265,test_4@test.com,FINISHED,"1,53",508,
2023-04-20,Company B,jMSo5ci,35,27,"8 Rue des Genévriers, 59118 Wambrechies, France","449 Av. de Dunkerque, 59160 Lille, France",-140,test_3@test.com,FINISHED,16,35,
2023-04-20,Company D,gOjReoo,229,194.99,"3 Impasse Ampère, Pusignan, France","34 Rue Henri Matisse, Lempdes, France",-100,test_3@test.com,FINISHED,422,205,
2023-04-20,Company D,627L6A5,380,166,"6 Rue des Peupliers, 92000 Nanterre, France","8 Rue Jules Ferry, Saint-Symphorien-d'Ozon, France",-244,test_5@test.com,FINISHED,"1,032",297,0
2023-04-20,Company F,qTREUTY,125,97,"5 Rue du Poirier Vert, Marigny-en-Orxois, France","1598 Rte de Quarante Sous, 78630 Orgeval, France",-229,test_3@test.com,FINISHED,250,127,
2023-04-20,Company F,5OATHU5,465,415.57,"Rue du Bois Barbier, 60880 Le Meux, France","431 Rue Aristide Bergès, Rives, France",-302,test_4@test.com,FINISHED,"1,282",18,
2023-04-21,Company F,061Lf3i,99,35,1 rue de l'ile de France 94460 Valenton,"15 rue jean jaures ,  fontenay aux roses , France",1,test_4@test.com,FINISHED,46,55,
2023-04-21,Company F,1EaLdVG,84,100,"16 residence les glaieuls,  billy sur aisne, France","Route de Picardie, 60190 Avrigny, France","4,087",test_5@test.com,FINISHED,132,"4,319",0
2023-04-21,Company E,BmgEpVt,281,290,"1 Avenue de l'Europe, 31620 Castelnau-d'Estrétefonds, France",2 rue la cafourche 17800  bougneau,"1,479",test_2@test.com,FINISHED,520,"1,328",
2023-04-21,Company E,ExWpgIa,127,81,"37 rue antoine de st exupéry,  mably, France","7 Rue des Frères Salvez, 01500 Ambérieu-en-Bugey, France","4,016",test_5@test.com,FINISHED,264,"4,021",
2023-04-21,Company E,Fyebd2F,51,46,"1260 rue de la république,  jaux, France","Route de Picardie, 60190 Avrigny, France",-51,test_4@test.com,FINISHED,34,110,
2023-04-21,Company E,5EsIzIe,55,40,"1 Rue du Parc des Vergers, Tigery, France","39 Avenue Louis Breguet, 78140 Vélizy-Villacoublay, France",-84,test_3@test.com,FINISHED,84,54,
2023-04-21,Company E,ITRnylk,30,22,"74, route de la Reine 92100 Boulogne","2 Rue Adolphe Yvon, 75016 Paris, France",-107,test_1@test.com,FINISHED,10,33,
2023-04-21,Company G,OOpVQF8,30,21,"29 Rue Frémicourt, 75015 Paris, France","19 Rue de Dantzig, Paris, France",-163,test_3@test.com,FINISHED,6,17,
2023-04-21,Company G,VnG5iQO,30,21,"19 Rue de Dantzig, Paris, France","29 Rue Frémicourt, 75015 Paris, France",-99,test_1@test.com,FINISHED,6,33,
2023-04-21,Company H,282d32u,22.5,20,"42 Avenue Aristide Briand, Bagneux, France","15-17 Rue Barbès, 92120 Montrouge, France",-93,test_2@test.com,FINISHED,8,67,
2023-04-21,Company H,2zkVAgt,35,25,"10 Av. de Saint-Germain, 78560 Le Port-Marly, France","10 Rue d'Estienne d'Orves, Rueil-Malmaison, France",-108,test_5@test.com,FINISHED,18,38,
2023-04-21,Company J,GcciaRH,22.5,20,"15-17 Rue Barbès, 92120 Montrouge, France","43 Rue Servan, Paris, France",-208,test_3@test.com,FINISHED,26,41,
2023-04-21,Company C,U9FCUUV,22.5,15,"49 Boulevard Murat, Paris, France","116 Avenue Henri Barbusse, 92700 Colombes, France",-157,test_2@test.com,FINISHED,22,45,
2023-04-21,Company C,geXAV08,29.7,20,"1 Avenue Réaumur, Le Plessis-Robinson, France","80 Rue de Longchamp, 75016 Paris, France",195,test_1@test.com,FINISHED,34,78,
2023-04-21,Company B,uPhQ5T6,0,22,"4 Avenue Gabriel Péri, 78360 Montesson, France","18 Quai Charles de Gaulle, Carrières-sur-Seine, France",-68,test_1@test.com,FINISHED,16,41,
2023-04-21,Company B,jXMgo65,687,465,"Mougins, 06250, France","151 Boulevard National, Rueil-Malmaison, France","3,68",test_5@test.com,FINISHED,"1,828","4,322",
2023-04-21,Company B,iRDCfvV,485,330.01,"204 Rond-Point du Pont de Sèvres, Boulogne-Billancourt, France","4 Rue Alain Fournier, Toulouse, France",-365,test_1@test.com,FINISHED,"1,372",425,
2023-04-21,Company B,2IE2vUC,305,290,"29 Avenue du Breuchin, Raddon-et-Chapendu, France","1598 Rte de Quarante Sous, 78630 Orgeval, France","3,565",test_2@test.com,FINISHED,948,"4,052",
2023-04-21,Company B,GWEgeK9,465,275.25,"Rue Santos Dumont, 44860 Saint-Aignan-Grandlieu, France","33 Rue du Pré la Reine, Clermont-Ferrand, France",-43,test_3@test.com,FINISHED,948,978,
2023-04-21,Company I,wWKybyF,465,501.73,"Rue du Bois Barbier, 60880 Le Meux, France","3a Avenue du Mont Valier, 31410 Saint-Hilaire, France",823,test_3@test.com,FINISHED,"1,598","1,198",
2023-04-21,Company I,9kCkPwI,175,165.15,"14 Rte de Dhuizon, 41250 Neuvy, France","6 Rue Hector Berlioz, Aubergenville, France",-59,test_5@test.com,FINISHED,400,285,
2023-04-21,Company K,ERjQs82,180,175,"Av. Aristide Briand, 76000 Rouen, France","8 Rue Saint-Maixent, Brissy-Hamégicourt, France",-306,test_4@test.com,FINISHED,448,200,
2023-04-21,Company K,J2VOozf,179.87,90,"9 Av. Claude Vellefaux, 75010 Paris, France","183 Quai Voltaire, Dammarie-les-Lys, France",-12,test_2@test.com,FINISHED,252,276,
2023-04-21,Company L - M,GXYCekP,35,10,"4 Rue Albert de Dion, 44700 Orvault, France","3 Avenue Augustin-Louis Cauchy, Nantes, France",-162,test_1@test.com,FINISHED,22,22,
2023-04-21,Company L - M,8n4GAut,186,140,"26 Rue Alexandre Dumas, 02100 Saint-Quentin, France","11 Rue de Unna, Palaiseau, France",42,test_5@test.com,FINISHED,366,156,
2023-04-21,Company L - M,dRb6Fb1,105,70,99 Boulevard Lefebvre 75015 Paris,"40 Rue du Jura, Rungis, France",100000,test_4@test.com,FINISHED,56,119,
2023-04-24,Company L - M,3ApO7UY,58,40,"450 av. galillee,  aix en provence, France","SOMEDAT STVA, QUARTIER DU PARC DE L'ARTILLERIE, MIRAMAS, 13140, FRA",-62,test_5@test.com,FINISHED,88,221,
2023-04-24,Company N - O,4Tk96Pw,84,60,"6 chemin du pigonnet,  venelles, France","SOMEDAT STVA, QUARTIER DU PARC DE L'ARTILLERIE, MIRAMAS, 13140, FRA",-130,test_5@test.com,FINISHED,104,84,
2023-04-24,Company N - O,Agh6oJy,51,30,"74 rue balard,  paris, France",1 rue de l'ile de France 94460 Valenton,-154,test_3@test.com,FINISHED,48,54,
2023-04-24,Company N - O,7Ixkay5,617,410.61,"66 Route de Brest, Quimper, France","15 Route de Lyon, Saint-Priest, France",500,test_2@test.com,FINISHED,"1,716","1,299",5
2023-04-24,Company N - O,7U6n43z,334,220,"36 Rue Gustave Eiffel, 77220 Gretz-Armainvilliers, France","1 Rue du Petit Bocage, Essarts en Bocage, France",-291,test_4@test.com,FINISHED,882,387,
2023-04-24,Company N - O,BP0VIay,611,594.1,"95 Avenue des Logissons, 13770 Venelles, France","10 Rue Marguerite Long, Paris, France",555,test_4@test.com,FINISHED,"1,686","1,536",
2023-04-24,Company P,KOxWj7j,22.5,20,"2 Allée Louis David, Rueil-Malmaison, France","39 Avenue Louis Breguet, 78140 Vélizy-Villacoublay, France",-131,test_2@test.com,FINISHED,38,62,5
2023-04-24,Company Q - R,SZ6j7bE,22.5,20,"39 Avenue Louis Breguet, 78140 Vélizy-Villacoublay, France","25 Rue Ernest Renan, Meudon, France",-142,test_2@test.com,FINISHED,14,38,5
2023-04-24,Company S,WVIwNJp,22.5,15,"179 Rue de l'Université, Paris, France","93 Avenue Emile Zola, 75015 Paris, France",-149,test_3@test.com,FINISHED,6,24,
2023-04-24,Company A,I4s5yR8,28,17,"105, Bd Gabriel Péri 92240 Malakoff","11 Place de l'Europe, Vélizy-Villacoublay, France",-139,test_1@test.com,FINISHED,32,16,
2023-04-24,Company A,eMvib2q,30,15,"9 Rue Georges Berger, Paris, France","29 Rue Frémicourt, 75015 Paris, France",-124,test_3@test.com,FINISHED,10,41,
2023-04-24,Company D,N47WzVu,255.6,175,"159 Av. de la Marne, 59700 Marcq-en-Barœul, France","26 Allée des Frères Voisin, Paris, France",-235,test_4@test.com,FINISHED,568,230,
2023-04-24,Company D,aRZ6FEg,120,60,"26 Allée des Frères Voisin, Paris, France","27 Av. Carnot, 91300 Massy, France",-123,test_5@test.com,FINISHED,42,59,
2023-04-24,Company D,MdMC2IY,199,250,"Carrefour de l'Artois, 62490 Fresnes-lès-Montauban, France","24 Rue des Bouvreuils, Charleville-Mézières, France",-95,test_2@test.com,FINISHED,472,190,5
2023-04-24,Company D,XL1i1vP,103,72,"1ère Rue du Port Fluvial, 59118 Wambrechies, France","Av. Marc Lefrancq, 59111 Lieu-Saint-Amand, France",198,test_5@test.com,FINISHED,152,213,
2023-04-24,Company E,q04ghgp,175,140,"Clos du Grand Chemin, 79210 Prin-Deyrançon, France","Rue Santos Dumont, 44860 Saint-Aignan-Grandlieu, France",-59,test_4@test.com,FINISHED,326,322,
2023-04-24,Company E,izObjbd,465,489.34,"Rue Santos Dumont, 44860 Saint-Aignan-Grandlieu, France","15 Rue des Charpentiers, Metz, France",-194,test_1@test.com,FINISHED,"1,552",588,
2023-04-24,Company G,qMQiZxt,465,486.37,"Rue Santos Dumont, 44860 Saint-Aignan-Grandlieu, France","15 Rue des Charpentiers, Metz, France",-139,test_5@test.com,FINISHED,"1,552",495,
2023-04-24,Company G,IzEO92C,20,15,"63 Route de Paris, Tassin-la-Demi-Lune, France","6 Rue Joannes Carret, 69009 Lyon, France",-118,test_5@test.com,FINISHED,12,58,2
2023-04-24,Company G,jyXgmsm,20,15,"6 Rue Joannes Carret, 69009 Lyon, France","63 Route de Paris, Tassin-la-Demi-Lune, France",-192,test_3@test.com,FINISHED,12,39,
2023-04-24,Company G,T3lY2ao,429,410.45,"505 Route de Chabeuil, Valence, France","12 Rue Jean Jaurès, Puteaux, France",-433,test_4@test.com,FINISHED,"1,17",384,
2023-04-24,Company B,NG74C5Z,235,155,"21 Rue Pierre de Coubertin, Rilhac-Rancon, France","1598 Rte de Quarante Sous, 78630 Orgeval, France",-194,test_1@test.com,FINISHED,784,316,
2023-04-24,Company B,lMVn0LB,265,220,"801 Chemin de Fayolle, Vareilles, France","1598 Rte de Quarante Sous, 78630 Orgeval, France",985,test_1@test.com,FINISHED,852,"1,458",
2023-04-24,Company B,BVBp329,22.5,15,"112 Av. du Général Leclerc, Paris, France","15-17 Rue Barbès, 92120 Montrouge, France",-137,test_1@test.com,FINISHED,4,27,
2023-04-24,Company L - M,dbxGOmI,39,27,"2A Rue Schwilgué, Strasbourg, France","4 Rue Emile Mathis, 67800 Hœnheim, France",-129,test_4@test.com,FINISHED,14,56,
2023-04-24,Company L - M,smTWAbE,478,496.01,"1 Rue des Acacias, Bruges, France","Rn201 ZI des Landiers Nord, . 73000, Chambéry France",280,test_2@test.com,FINISHED,"1,4","1,042",5
2023-04-24,Company L - M,cTSLTHq,105,75,99 Boulevard Lefebvre 75015 Paris,"8 Rue Charles Péguy, Villeroy, France",-124,test_1@test.com,FINISHED,216,159,
2023-04-25,Company L - M,E2WKDl2,45.5,41,"39 Avenue Louis Breguet, 78140 Vélizy-Villacoublay, France","99 Avenue d'Italie, Paris, France",-147,test_3@test.com,FINISHED,50,69,
2023-04-25,Company L - M,1x6lBUq,99,45,1 rue de l'ile de France 94460 Valenton,22 rue brunel 75017  paris,40,test_1@test.com,FINISHED,40,66,
2023-04-25,Company F,34q3ExP,106,45,1 rue de l'ile de France 94460 Valenton,"18 rue de lafayette,  versailles, France",-123,test_3@test.com,FINISHED,68,79,
2023-04-25,Company F,Cu6wrnF,51,28,"ratp developpement 131 avenue de malakoff,  paris, France",1 rue de l'ile de France 94460 Valenton,-172,test_5@test.com,FINISHED,32,63,2
2023-04-25,Company C,FriqEcZ,106,34,1 rue de l'ile de France 94460 Valenton,"134-142 rue danton,  levallois, France",-96,test_3@test.com,FINISHED,66,57,
2023-04-25,Company C,FzdWdPD,58,50.01,"3 impasse du haut de la velette,  rillieux-la-pape, France","7 Rue des Frères Salvez, 01500 Ambérieu-en-Bugey, France",-83,test_1@test.com,FINISHED,98,96,
2023-04-25,Company H,4cAStgX,35,26,"1 Avenue Eugène Freyssinet, Guyancourt, France","74, route de la Reine 92100 Boulogne",-89,test_3@test.com,FINISHED,48,13,
2023-04-25,Company H,FzkeXgC,30,22,"13 Rue de la Verrerie, Meudon, France","74, route de la Reine 92100 Boulogne",-198,test_4@test.com,FINISHED,8,27,
2023-04-25,Company I,VlPTuGP,30,21,"11 Rue Philibert Delorme, Paris, France","29 Rue Frémicourt, 75015 Paris, France",-131,test_1@test.com,FINISHED,12,63,
2023-04-25,Company J,7hSZxoD,22.5,20,"4 Cours de l'Île Seguin, Boulogne-Billancourt, France","11 Rue des Sablons, 75116 Paris, France",-29,test_2@test.com,FINISHED,16,15,5
2023-04-25,Company J,gcnZkuo,22.5,20,"15-17 Rue Barbès, 92120 Montrouge, France","112 Av. du Général Leclerc, Paris, France",-123,test_3@test.com,FINISHED,4,19,
2023-04-25,Company K,30FypaF,120,60,"26 Allée des Frères Voisin, Paris, France","Route des Nourrices, Thiverval-Grignon, France",-189,test_2@test.com,FINISHED,72,129,5
2023-04-25,Company A,lSvvQaJ,38,25,"14 Avenue Charles, Gagny, France","30 Rue de Paris, 93130 Noisy-le-Sec, France",-180,test_3@test.com,FINISHED,20,39,
2023-04-25,Company A,IpObpeP,257,121,"Avenue du 12 Juillet 1998, Aix-en-Provence, France","6 Avenue de l'Industrie, 69960 Corbas, France",-274,test_4@test.com,FINISHED,626,257,
2023-04-25,Company D,zq7PA6U,604,515.64,Rue Maryse Bastié 91700 Fleury-Mérogis,"7 Avenue Saint-Jérôme, Aix-en-Provence, France",-69,test_5@test.com,FINISHED,"1,662",494,2
2023-04-25,Company D,W4Ku80q,125,90,"20 Rue du Général Ferrié, Annecy, France","7 Rue des Frères Salvez, 01500 Ambérieu-en-Bugey, France",-127,test_5@test.com,FINISHED,204,143,2
2023-04-25,Company D,aNyy5UA,48,22,"9 Av. Claude Vellefaux, 75010 Paris, France","98 Rue Jean Jaurès, Levallois-Perret, France",-179,test_2@test.com,FINISHED,20,53,5
2023-04-25,Company D,0Vnxuib,465,488.5,"Rue du Bois Barbier, 60880 Le Meux, France","4 Côte de l'Empereur, 33150 Cenon, France",-453,test_1@test.com,FINISHED,"1,338",42,
2023-04-26,Company E,04D6HbN,30,15,"29 Rue Frémicourt, 75015 Paris, France","11 Rue Philibert Delorme, Paris, France",-176,test_3@test.com,FINISHED,14,43,
2023-04-26,Company E,19haHqT,35,25,"74, route de la Reine 92100 Boulogne","1 Avenue Eugène Freyssinet, Guyancourt, France",-138,test_5@test.com,FINISHED,42,71,2
2023-04-26,Company G,7rCRhg0,30,21,"89 Avenue Jean Jaurès, 92120 Montrouge, France","74, route de la Reine 92100 Boulogne",-145,test_1@test.com,FINISHED,16,33,
2023-04-26,Company G,F0a0hMX,27,23,"39 Avenue Louis Breguet, 78140 Vélizy-Villacoublay, France","1 Rue du Thimerais, Maurepas, France",-213,test_4@test.com,FINISHED,44,40,
2023-04-26,Company G,bznEyc9,99,20,1 rue de l'ile de France 94460 Valenton,8 place des vins de france 75012  paris ,71,test_1@test.com,FINISHED,32,48,
2023-04-26,Company G,dic12cY,127,108,"6 rue aux oeufs,  branches, France",1 rue de l'ile de France 94460 Valenton,-354,test_1@test.com,FINISHED,296,126,
2023-04-26,Company B,eXRjOu4,84,59,"9 rue de l'ormeteau zi les tuileries,,  chelles, France","Route de Picardie, 60190 Avrigny, France",-164,test_3@test.com,FINISHED,148,108,
2023-04-26,Company B,0tfGkhv,60,30,"131 Rue du 1er Mai, Nanterre, France","26 Allée des Frères Voisin, Paris, France",-64,test_2@test.com,FINISHED,34,49,5
2023-04-26,Company B,0aHL5NH,26.1,21,"274 Avenue Napoléon Bonaparte, Rueil-Malmaison, France","11 Rue des Sablons, 75116 Paris, France",-47,test_5@test.com,FINISHED,30,55,2
2023-04-26,Company B,2SugLp0,26.1,21,"274 Avenue Napoléon Bonaparte, Rueil-Malmaison, France","11 Rue des Sablons, 75116 Paris, France",100000,test_2@test.com,FINISHED,30,45,5
2023-04-26,Company F,KRVuqBE,37.8,21,"11 Rue des Sablons, 75116 Paris, France","274 Avenue Napoléon Bonaparte, Rueil-Malmaison, France",-194,test_1@test.com,FINISHED,24,77,
2023-04-26,Company F,UcamTX6,334,210,"208 Avenue du Haut-Lévêque, Pessac, France","Rue Santos Dumont, 44860 Saint-Aignan-Grandlieu, France",-280,test_4@test.com,FINISHED,814,301,
2023-04-26,Company F,8WO4Wb3,167,125,"237 Cours Libération, BP 2348 38033, Grenoble France","40 Chemin de Paisy, Limonest, France",-237,test_1@test.com,FINISHED,256,126,
2023-04-26,Company F,vqQqOyB,171.59,145.51,"237 Cours Libération, BP 2348 38033, Grenoble France","40 Chemin de Paisy, Limonest, France",-89,test_3@test.com,FINISHED,256,233,
2023-04-26,Company F,6mEs6vw,579,437.49,"Rue Thuillère, 91940 Gometz-le-Châtel, France","2 Route de Castelnaudary, Soupex, France",932,test_2@test.com,FINISHED,"1,398","1,332",5
2023-04-27,Company H,02PgT7P,106,32,1 rue de l'ile de France 94460 Valenton,"22 quai gallieni,  suresnes, France",-271,test_3@test.com,FINISHED,70,57,
2023-04-27,Company H,1MnYbBc,106,45,1 rue de l'ile de France 94460 Valenton,"69 boulevard charles de gaulle,  mennecy, France",-309,test_2@test.com,FINISHED,76,80,5
2023-04-27,Company H,3EFsRaH,106,28,1 rue de l'ile de France 94460 Valenton,"6 rue du commandant d'estienne d'orves,  villeneuve la garenne , France",-127,test_4@test.com,FINISHED,72,91,
2023-04-27,Company H,4mwpXFQ,151,68,"Route de Picardie, 60190 Avrigny, France","18 rue de la fosse aux loups,  argenteuil, France",42,test_3@test.com,FINISHED,172,108,
2023-04-27,Company I,363u5nD,55,40,"39 Avenue Louis Breguet, 78140 Vélizy-Villacoublay, France","1 Rue du Parc des Vergers, Tigery, France",124,test_4@test.com,FINISHED,84,943,
2023-04-27,Company I,8jayv4r,22.5,15,"2 Rue Jean Daudin, Paris, France","93 Avenue Emile Zola, 75015 Paris, France",-171,test_1@test.com,FINISHED,6,22,
2023-04-27,Company I,9h9dlSS,22.5,15,"144 Rue de Rennes, Paris, France","93 Avenue Emile Zola, 75015 Paris, France",-158,test_4@test.com,FINISHED,6,27,
2023-04-27,Company I,BYJNGKh,55,40,"39 Avenue Louis Breguet, 78140 Vélizy-Villacoublay, France","1 Rue du Parc des Vergers, Tigery, France",-37,test_4@test.com,FINISHED,84,16,
2023-04-27,Company J,JDi3h26,30,20,"29 Rue Frémicourt, 75015 Paris, France","9 Rue Georges Berger, Paris, France",-136,test_5@test.com,FINISHED,12,63,2
2023-04-27,Company J,Suk5Eid,30,17,"74, route de la Reine 92100 Boulogne","26 Quai Charles Pasqua, Levallois-Perret, France",-159,test_1@test.com,FINISHED,20,21,
2023-04-27,Company J,AjiEivg,38,35,"30 Rue de Paris, 93130 Noisy-le-Sec, France","14 Allée de l'Île, Clamart, France",-67,test_2@test.com,FINISHED,76,90,5
2023-04-27,Company J,I7UvtXO,44,28,"64 Rue des Vanesses, Villepinte, France","30 Rue de Paris, 93130 Noisy-le-Sec, France",-128,test_2@test.com,FINISHED,28,47,5
2023-04-27,Company K,KJrYHth,44,28,"30 Rue de Paris, 93130 Noisy-le-Sec, France","64 Rue des Vanesses, Villepinte, France",-148,test_4@test.com,FINISHED,28,43,
2023-04-27,Company K,QNw7nSO,38,28,"14 Allée de l'Île, Clamart, France","30 Rue de Paris, 93130 Noisy-le-Sec, France",-119,test_3@test.com,FINISHED,48,74,
2023-04-27,Company K,JVYD3pe,22.5,20,"15-17 Rue Barbès, 92120 Montrouge, France","4 Cours de l'Île Seguin, Boulogne-Billancourt, France",-149,test_1@test.com,FINISHED,18,48,
2023-04-27,Company K,abo6Rt8,29.7,26,"11 Rue des Sablons, 75116 Paris, France","274 Avenue Napoléon Bonaparte, Rueil-Malmaison, France",-141,test_2@test.com,FINISHED,32,75,5
2023-04-27,Company K,2GCmQSy,346.67,186,"18 Rue de Genève, Lyon, France","1598 Rte de Quarante Sous, 78630 Orgeval, France",-273,test_1@test.com,FINISHED,"1,03",361,
2023-04-27,Company C,uCwWa77,75,60,"2 Chemin de l'Oratoire, Châteaurenard, France","SOMEDAT STVA, QUARTIER DU PARC DE L'ARTILLERIE, MIRAMAS, 13140, FRA",-393,test_5@test.com,FINISHED,94,64,
2023-04-27,Company C,kr0BQ6c,51,20,"42 Avenue du Maréchal Foch, Chatou, France","22 Rue des Deux Gares, Rueil-Malmaison, France",-137,test_1@test.com,FINISHED,6,40,
2023-04-27,Company P,lSFnQjs,576,509.67,"23 Rue Delarivière-Lefoullon, Puteaux, France","Impasse des Calandres, Villeneuve-lès-Béziers, France",-335,test_1@test.com,FINISHED,"1,522",461,
2023-04-27,Company Q - R,d7irqpX,184,140,"1 rue joseph Cugnot, . 38300, Bourgoin Jallieu France","104 Avenue Frédéric Mistral, Chasse-sur-Rhône, France",-239,test_4@test.com,FINISHED,98,113,
2023-04-27,Company Q - R,irxf3q7,179.5,147,"237 Cours Libération, BP 2348 38033, Grenoble France","40 Chemin de Paisy, Limonest, France",-185,test_2@test.com,FINISHED,256,261,5
2023-04-27,Company S,QPtZuFp,445,370,"Z.I. des Landiers Ouest, 158 rue des Epinettes  73290 La Motte-Servolex","1 Rue des Vieilles Pierres, 16440 Roullet-Saint-Estèphe, France",100000,test_5@test.com,FINISHED,"1,188","1,382",1
2023-04-28,Company T - U,4SAcGaf,106,31,1 rue de l'ile de France 94460 Valenton,"135 rue des 3 fontanot,  nanterre, France",-97,test_3@test.com,FINISHED,74,79,
2023-04-28,Company T - U,AwOW9ce,199,167,"2 rue claude bloch cs 15205,  caen cedex , France","Rue Bennefray, Rives-du-Loir-en-Anjou, France",-83,test_1@test.com,FINISHED,638,17,
2023-04-28,Company L - M,E5z6GdQ,175,62,"Rue Bennefray, Rives-du-Loir-en-Anjou, France","4 rue paul prevault,  besse sur braye, France",71,test_3@test.com,FINISHED,226,129,
2023-04-28,Company L - M,2aWWZhr,22.5,19,"1 Rue du Clos-Feuquières, Paris, France","93 Avenue Emile Zola, 75015 Paris, France",-144,test_2@test.com,FINISHED,4,27,
2023-04-28,Company N - O,WUTYV7O,22.5,21,"59 Rue Pernety, Paris, France","39 Avenue Louis Breguet, 78140 Vélizy-Villacoublay, France",-139,test_3@test.com,FINISHED,36,52,
2023-04-28,Company N - O,YnD6n2j,393,341.36,"300 Chemin de la Croix de Noves, Avignon, France","7 Rue du 8 Mai 1945, Peyrilhac, France",-563,test_3@test.com,FINISHED,996,324,
2023-04-28,Company A,OQrDDva,30,23,"74, route de la Reine 92100 Boulogne","18 Avenue Henri IV, Meudon, France",-156,test_2@test.com,FINISHED,8,34,
2023-04-28,Company A,UfK61If,30,21,"18 Avenue Henri IV, Meudon, France","74, route de la Reine 92100 Boulogne",-150,test_3@test.com,FINISHED,8,28,
2023-04-28,Company A,88q3KhC,321.67,184,"2 Allée Fénelon, Veauche, France","1598 Rte de Quarante Sous, 78630 Orgeval, France",-226,test_3@test.com,FINISHED,976,546,
2023-04-28,Company D,PCSY8QH,90,63,"41 Rue des Alérions, Metzervisse, France","Rue de l'Ingénieur Kind, 57600 Forbach, France",-22,test_4@test.com,FINISHED,134,123,
2023-04-28,Company D,oXgdYk9,125,92,"1589 Chemin du Play, Saint-Romain-les-Atheux, France","7 Rue des Frères Salvez, 01500 Ambérieu-en-Bugey, France",-449,test_5@test.com,FINISHED,258,114,1
2023-04-28,Company D,6UhAirj,103,84,"28 Quai Gallieni, Suresnes, France","Rue du Bois Barbier, 60880 Le Meux, France",36,test_4@test.com,FINISHED,186,99,
2023-04-28,Company D,FrhJoMO,334,290,"16 Allée des Hérons, 33600 Pessac, France","Rue Santos Dumont, 44860 Saint-Aignan-Grandlieu, France",5,test_1@test.com,FINISHED,816,235,
2023-04-28,Company B,O8hHEUK,257,250.55,"3 All. des Maraîchers, 13013 Marseille, France","6 Avenue de l'Industrie, 69960 Corbas, France",-180,test_5@test.com,FINISHED,696,273,
2023-04-28,Company B,wfSH5Ja,103,84,"28 Quai Gallieni, Suresnes, France","Rue du Bois Barbier, 60880 Le Meux, France",-161,test_1@test.com,FINISHED,186,105,
2023-04-28,Company B,8p12NxE,25,20,"102 Avenue Jean Jaurès, Ivry-sur-Seine, France","11 Boulevard du Colonel Fabien, 94200 Ivry-sur-Seine, France",-98,test_5@test.com,FINISHED,4,39,
2023-04-28,Company B,PO50fUK,44,27,"30 Rue de Paris, 93130 Noisy-le-Sec, France","82 Avenue des Pâquerettes, Montfermeil, France",-119,test_1@test.com,FINISHED,18,36,
2023-04-28,Company F,ruB1cIj,44,27,"82 Avenue des Pâquerettes, Montfermeil, France","30 Rue de Paris, 93130 Noisy-le-Sec, France",-184,test_2@test.com,FINISHED,20,39,
2023-04-28,Company F,iwVD3uy,314,324.22,"9 Rue Amand Poron, 10000 Troyes, France","15 Rue Centrale, Pont-de-Chéruy, France",-58,test_4@test.com,FINISHED,722,284,
2023-04-28,Company F,4vCGdkh,22.5,23,"11 Rue des Sablons, 75116 Paris, France","117 Rue Charles Michels, Saint-Denis, France",-201,test_3@test.com,FINISHED,24,58,
2023-04-28,Company F,5C33qXL,22.5,20,"117 Rue Charles Michels, Saint-Denis, France","11 Rue des Sablons, 75116 Paris, France",-38,test_5@test.com,FINISHED,24,47,
2023-04-28,Company E,iA4zdBJ,35,22,"10 Av. de Saint-Germain, 78560 Le Port-Marly, France","14 Rue François Jacob, Rueil-Malmaison, France",-149,test_5@test.com,FINISHED,20,38,
2023-04-28,Company E,rdWfFFn,35,23,"14 Rue François Jacob, Rueil-Malmaison, France","10 Av. de Saint-Germain, 78560 Le Port-Marly, France",-25,test_3@test.com,FINISHED,18,36,
2023-04-28,Company G,LTtSgKR,838.54,585.01,"230 Avenue du Camp-de-Menthe, Aix-en-Provence, France","26 Allée des Frères Voisin, Paris, France","3,754",test_1@test.com,FINISHED,"1,706",14,
2023-04-28,Company G,UlAQUlq,605.12,476.42,"56 Av. de Versailles, 75016 Paris, France","4 Rue du Grand Verger, Versonnex, France",-102,test_1@test.com,FINISHED,"1,018","1,053",
2023-04-28,Company H,sFXrROt,48,24,"9 Av. Claude Vellefaux, 75010 Paris, France","94 Rue de Grenelle, Paris, France",-195,test_4@test.com,FINISHED,14,89,
2023-04-28,Company H,FUpFuxj,512,438,"33-41 Bd Lucien Sampaix, 69190 Saint-Fons, France","Avenue des Martyrs de la Résistance, Martignas-sur-Jalle, France",-260,test_1@test.com,FINISHED,"1,208",412,
2023-04-28,Company H,Sh4g8Vu,512,445.05,"33-41 Bd Lucien Sampaix, 69190 Saint-Fons, France","Avenue des Martyrs de la Résistance, Martignas-sur-Jalle, France",-124,test_3@test.com,FINISHED,"1,208",456,
2023-05-02,Company H,3SmgPDl,99,41,1 rue de l'ile de France 94460 Valenton,43 rue buffon 75005  paris,0,test_1@test.com,FINISHED,28,60,
2023-05-02,Company I,573UiDr,132,70,"7 Rue des Frères Salvez, 01500 Ambérieu-en-Bugey, France","14 Avenue Tony Garnier, Lyon, France",-409,test_2@test.com,FINISHED,134,84,
2023-05-02,Company I,6AZCVPd,106,40,1 rue de l'ile de France 94460 Valenton,1 rue henri giffard 78180  montingy le bretonneux,-165,test_1@test.com,FINISHED,10,75,
2023-05-02,Company I,2kRsmjn,58,33,"169 Rue de la République, Bobigny, France","7 Boulevard Franck Kupka, Puteaux, France",-39,test_1@test.com,FINISHED,52,53,
2023-05-02,Company J,7EfRStI,51,25,"7 Boulevard Franck Kupka, Puteaux, France","169 Rue de la République, Bobigny, France",-6,test_5@test.com,FINISHED,40,46,
2023-05-02,Company J,UYpAUc5,296,170,"400 Promenade des Anglais, Nice, France","23 Rue Ernest Michel, Montpellier, France",643,test_4@test.com,FINISHED,704,"1,179",
2023-05-02,Company C,4xKqoH2,22.5,20,"39 Avenue Louis Breguet, 78140 Vélizy-Villacoublay, France","61 Rue Henri Regnault, Courbevoie, France",-184,test_5@test.com,FINISHED,42,54,
2023-05-02,Company C,CR6M1GO,22.5,20,"93 Avenue Emile Zola, 75015 Paris, France","2 Rue Jean Daudin, Paris, France",-134,test_2@test.com,FINISHED,4,42,
2023-05-02,Company C,I83gxhs,393,195.36,"159 Avenue du Marquisat, Tournefeuille, France","6 Avenue de l'Industrie, 69960 Corbas, France",919,test_1@test.com,FINISHED,956,"2,322",
2023-05-02,Company C,sAvNpfZ,321,278.01,"178 Rue du Fauge, Aubagne, Provence-Alpes-Côte d'Azur, 13400, France","700 Avenue Jean Falconnier, Culoz, Auvergne-Rhône-Alpes, 01350, France",-365,test_3@test.com,FINISHED,776,273,
2023-05-02,Company K,sGGYIOf,103,80,"Avenue André Malraux, Levallois-Perret, France","Rue du Bois Barbier, 60880 Le Meux, France",-21,test_1@test.com,FINISHED,172,76,
2023-05-02,Company K,OZWRuYh,565.86,453.03,"101 Allée de Port Ponant, La Grande-Motte, France","1598 Rte de Quarante Sous, 78630 Orgeval, France",777,test_5@test.com,FINISHED,"1,608","1,635",
2023-05-02,Company L - M,eTyl61D,70,47,99 Boulevard Lefebvre 75015 Paris,"29 Rue Lécluse, 75017 Paris, France",-137,test_2@test.com,FINISHED,32,59,
2023-05-02,Company N - O,7qu7dkq,60,30,"1 Avenue Spinoza, Émerainville, France","26 Allée des Frères Voisin, Paris, France",204,test_3@test.com,FINISHED,56,50,
2023-05-02,Company N - O,K0OHSeZ,80,40,"27 Av. Carnot, 91300 Massy, France","26 Allée des Frères Voisin, Paris, France",11,test_5@test.com,FINISHED,48,44,
2023-05-02,Company N - O,uNCtH0w,31.05,22,"61 Rue de la Victoire, Paris, France","74, route de la Reine 92100 Boulogne",-131,test_3@test.com,FINISHED,22,46,
2023-05-02,Company A,6r6NuIM,44,25,"30 Rue de Paris, 93130 Noisy-le-Sec, France","64 Rue des Vanesses, Villepinte, France",-72,test_1@test.com,FINISHED,28,29,
2023-05-02,Company A,OvN6zFK,44,30,"64 Rue des Vanesses, Villepinte, France","30 Rue de Paris, 93130 Noisy-le-Sec, France",95,test_2@test.com,FINISHED,28,47,
2023-05-02,Company A,m0fMq53,495,320.03,"22 Rue de la Thumenau, 67100 Strasbourg, France","2 Rue René Caudron, Voisins-le-Bretonneux, France",-207,test_4@test.com,FINISHED,990,367,
2023-05-03,Company D,1uRfAm0,281,162,"Rue Bennefray, Rives-du-Loir-en-Anjou, France","15 rue des peupliers,  voisins le bretonneux, France",293,test_2@test.com,FINISHED,534,161,
2023-05-03,Company D,9bzCHkG,106,28,1 rue de l'ile de France 94460 Valenton,"95 rue de la faisanderie,  paris, France",-197,test_1@test.com,FINISHED,66,88,
2023-05-03,Company D,BXlVtab,106,27,1 rue de l'ile de France 94460 Valenton,"6 avenue graham bell,  bussy st georges, France",-150,test_4@test.com,FINISHED,62,61,
2023-05-03,Company D,CXdsHNb,58,40,"2 Impasse des Coquelicots, Neauphle-le-Vieux, Île-de-France, 78640, France","23-27 Rue Delarivière Lefoullon, Puteaux, Île-de-France, 92800, France",-275,test_1@test.com,FINISHED,78,70,
2023-05-03,Company B,LdmAsRR,51,31,"22 Avenue Lionel Terray, Jonage, France","6 Avenue de l'Industrie, 69960 Corbas, France",-119,test_2@test.com,FINISHED,40,39,3
2023-05-03,Company B,tQLDYNB,199,140.01,"18 Rue de la Tène, 08300 Le Châtelet-sur-Retourne, France","20 Rue André Gide, Châtillon, France",-343,test_3@test.com,FINISHED,404,165,
2023-05-03,Company B,QV9UXlb,22.5,30,"93 Avenue Emile Zola, 75015 Paris, France","104 Boulevard Raymond Poincaré, Garches, France",34,test_4@test.com,FINISHED,30,45,
2023-05-03,Company B,QlNCPvj,24,15,"4 Rue Louis Haussmann, Versailles, France","39 Avenue Louis Breguet, 78140 Vélizy-Villacoublay, France",-148,test_4@test.com,FINISHED,30,33,
2023-05-03,Company F,Ay1T2en,38,20,"47 Boulevard du Général de Gaulle, Villemomble, France","30 Rue de Paris, 93130 Noisy-le-Sec, France",36,test_2@test.com,FINISHED,18,38,3
2023-05-03,Company F,uMjWwYd,53,21,"5 Rue Missak Manoukian, Rosny-sous-Bois, France","30 Rue de Paris, 93130 Noisy-le-Sec, France",-73,test_5@test.com,FINISHED,42,32,
2023-05-03,Company F,ClzLXeA,190,144,"830 Rue Félix Demesmay, Cysoing, France","1598 Rte de Quarante Sous, 78630 Orgeval, France",964,test_2@test.com,FINISHED,526,675,
2023-05-03,Company F,sfMXrNT,189.87,149.84,"34 Impasse du Tilleul, Saint-Julien-de-Coppel, France","7 Rue des Frères Salvez, 01500 Ambérieu-en-Bugey, France",-140,test_3@test.com,FINISHED,472,200,
2023-05-03,Company E,WaEoovp,233,230.02,"14 Rte de Dhuizon, 41250 Neuvy, France","57 Rue Théodore Monod, Rezé, France",-118,test_5@test.com,FINISHED,592,354,
2023-05-03,Company E,drv9yFG,257,198.07,"19 Av. des Peupliers, 35510 Cesson-Sévigné, France","6 Mail des Ombrages, Herblay-sur-Seine, France",-191,test_5@test.com,FINISHED,698,400,
2023-05-03,Company G,cLgniaS,30,20,"21 Rue des Belles Feuilles, Paris, France","74, route de la Reine 92100 Boulogne",-119,test_4@test.com,FINISHED,12,29,
2023-05-03,Company G,WssnfVk,20,15,"38 Quai de Pierre-Scize, Lyon, France","6 Rue Joannes Carret, 69009 Lyon, France",-141,test_2@test.com,FINISHED,6,38,
2023-05-03,Company H,ZKSbQ6d,20,15,"6 Rue Joannes Carret, 69009 Lyon, France","38 Quai de Pierre-Scize, Lyon, France",-118,test_1@test.com,FINISHED,10,32,
2023-05-03,Company H,jmoDfA4,25,20,"11 Boulevard du Colonel Fabien, 94200 Ivry-sur-Seine, France","47A Avenue Gambetta, Maisons-Alfort, France",-115,test_1@test.com,FINISHED,6,28,
2023-05-03,Company J,wwPUtES,25,20,"47A Avenue Gambetta, Maisons-Alfort, France","11 Boulevard du Colonel Fabien, 94200 Ivry-sur-Seine, France",-37,test_5@test.com,FINISHED,8,31,
2023-05-03,Company J,Gwdmy9g,180,185.06,"239 Bd de Graville, 76600 Le Havre, France","31 Avenue Louis Breguet, Vélizy-Villacoublay, France",-84,test_3@test.com,FINISHED,964,463,
2023-05-03,Company C,oRPi5vd,386,375,"Z.I. des Landiers Ouest, 158 rue des Epinettes  73290 La Motte-Servolex","1 Rue des Vieilles Pierres, Roullet-Saint-Estèphe, France",-276,test_3@test.com,FINISHED,"1,188",798,
2023-05-04,Company C,4Y8wSBb,127,184.67,"za le montigne est,  torce, France","Rue Bennefray, Rives-du-Loir-en-Anjou, France",48,test_1@test.com,FINISHED,244,138,
2023-05-04,Company C,71zNny5,199,153,"303 rue marie laurecin,  biscarosse, France","1 Avenue de l'Europe, 31620 Castelnau-d'Estrétefonds, France",-183,test_2@test.com,FINISHED,494,252,
2023-05-04,Company C,CqLWzXf,151,78,"SOMEDAT STVA, QUARTIER DU PARC DE L'ARTILLERIE, MIRAMAS, 13140, FRA","1085 chemin de st privat,  rousset, France",-155,test_4@test.com,FINISHED,152,141,
2023-05-04,Company K,DZ3E21b,199,160,"4 Rue Gutenberg, 33700 Mérignac, France","1 Avenue de l'Europe, 31620 Castelnau-d'Estrétefonds, France",614,test_5@test.com,FINISHED,466,"1,085",
2023-05-04,Company K,NR2EwrT,40.5,29,"74, route de la Reine 92100 Boulogne","Rue de l'Armée d'Orient, Paris, France",-146,test_2@test.com,FINISHED,22,103,
2023-05-04,Company K,QFDbmUA,30,20,"99 Rue Mirabeau, Ivry-sur-Seine, France","105, Bd Gabriel Péri 92240 Malakoff",-5,test_5@test.com,FINISHED,14,45,
2023-05-04,Company K,jYVwHtZ,30,23,"43 Rue du Président Wilson, 92300 Levallois-Perret, France","74, route de la Reine 92100 Boulogne",-178,test_3@test.com,FINISHED,18,41,
2023-05-04,Company K,KYlZQGq,22.5,20,"11 Rue des Sablons, 75116 Paris, France","133 Avenue des Champs-Élysées, Paris, France",-172,test_3@test.com,FINISHED,4,41,
2023-05-04,Company L - M,UyKhCzx,37.5,30,"11 Rue des Sablons, 75116 Paris, France","6 Rue Fructidor, Saint-Ouen-sur-Seine, France",45,test_2@test.com,FINISHED,12,45,
2023-05-04,Company L - M,cZzuBRY,84,77,"8 Rue Anatole France, Lille, France","Av. Marc Lefrancq, 59111 Lieu-Saint-Amand, France",139,test_1@test.com,FINISHED,130,131,
2023-05-04,Company L - M,OSwJjGn,44,30,"30 Rue de Paris, 93130 Noisy-le-Sec, France","1 Rue du Jura, Rungis, France",-207,test_4@test.com,FINISHED,58,68,
2023-05-04,Company N - O,hqoMezK,44,25,"30 Rue de Paris, 93130 Noisy-le-Sec, France","12 Rue Doulcet, Sevran, France",-194,test_4@test.com,FINISHED,20,40,
2023-05-04,Company N - O,i2avzAH,44,29,"1 Rue du Jura, Rungis, France","30 Rue de Paris, 93130 Noisy-le-Sec, France",21,test_5@test.com,FINISHED,48,62,
2023-05-04,Company N - O,qERXj5r,44,26,"12 Rue Doulcet, Sevran, France","30 Rue de Paris, 93130 Noisy-le-Sec, France",-166,test_3@test.com,FINISHED,20,36,
2023-05-04,Company P,KQ38QHU,217,180,"14 Rte de Dhuizon, 41250 Neuvy, France","La Merdachere, 49370 Val d'Erdre-Auxence, France",14,test_5@test.com,FINISHED,436,340,
2023-05-04,Company P,O4LwMxJ,193,154.34,"14 Rte de Dhuizon, 41250 Neuvy, France","4 Rue Xavier Gout, Neuilly-Plaisance, France",47,test_1@test.com,FINISHED,360,307,
2023-05-04,Company Q - R,YBBsCkJ,70,50,99 Boulevard Lefebvre 75015 Paris,"75 Rue Bonaparte, 75006 Paris, France","-1,943",test_1@test.com,FINISHED,8,75,
2023-05-04,Company Q - R,fJBC8KS,70,50,99 Boulevard Lefebvre 75015 Paris,"75 Rue de la Réunion, Paris, France",-241,test_4@test.com,FINISHED,28,62,
2023-05-05,Company S,Ax3joNa,151,72,"Route de Picardie, 60190 Avrigny, France","139 rue lamarck,  paris, France",80,test_5@test.com,FINISHED,168,279,
2023-05-05,Company S,4WG9xAI,22.5,20,"38 Promenade du Verger, Issy-les-Moulineaux, France","39 Avenue Louis Breguet, 78140 Vélizy-Villacoublay, France",-140,test_1@test.com,FINISHED,24,67,
2023-05-05,Company T - U,JkEqkgj,45.5,27,"93 Avenue Emile Zola, 75015 Paris, France","71 Bd de Vaugirard, 75015 Paris, France",-121,test_4@test.com,FINISHED,6,68,
2023-05-05,Company T - U,LBMCNyD,30,14,"12 Rue du Bicentenaire, Puteaux, France","74, route de la Reine 92100 Boulogne",-209,test_4@test.com,FINISHED,14,40,
2023-05-05,Company T - U,E2F2iar,127,90,"19 Rue de l'Union, Sotteville-lès-Rouen, France","Rue du Bois Barbier, 60880 Le Meux, France",-60,test_5@test.com,CANCELLED,292,20,
2023-05-05,Company T - U,5DF4LYi,44,26,"64 Rue des Vanesses, Villepinte, France","30 Rue de Paris, 93130 Noisy-le-Sec, France",-143,test_2@test.com,FINISHED,28,36,
2023-05-05,Company V - W,qUgcqhn,44,26,"30 Rue de Paris, 93130 Noisy-le-Sec, France","64 Rue des Vanesses, Villepinte, France",-156,test_4@test.com,FINISHED,28,35,
2023-05-05,Company V - W,9PGrUrp,22.5,20,"1 Rue Charles Péguy, Suresnes, France","11 Rue des Sablons, 75116 Paris, France",35,test_1@test.com,FINISHED,12,27,
2023-05-05,Company X,EF72RSg,22.5,15,"11 Rue des Sablons, 75116 Paris, France","1 Rue Charles Péguy, Suresnes, France",-190,test_2@test.com,FINISHED,14,35,
2023-05-05,Company X,vTPIJuZ,20,15,"6 Rue Joannes Carret, 69009 Lyon, France","7 Place Victor Basch, Lyon, France",-75,test_1@test.com,FINISHED,14,44,
2023-05-05,Company Y,wQOg6eK,20,15,"7 Place Victor Basch, Lyon, France","6 Rue Joannes Carret, 69009 Lyon, France",-45,test_2@test.com,FINISHED,14,36,
2023-05-05,Company Y,MFvU8lV,90,46,"84 Rue aux Arènes, Metz, France","Rue de l'Ingénieur Kind, 57600 Forbach, France",-221,test_2@test.com,FINISHED,124,91,3
2023-05-09,Company Y,1YXXTko,58,38,"34 avenue henri dunant,  marignane, France","SOMEDAT STVA, QUARTIER DU PARC DE L'ARTILLERIE, MIRAMAS, 13140, FRA",-141,test_5@test.com,FINISHED,80,91,
2023-05-09,Company Z,6ppFcyA,58,19,"96 rue edouard vaillant,  levallois perret, France",1 rue de l'ile de France 94460 Valenton,-109,test_1@test.com,FINISHED,66,100,
2023-05-09,Company Z,75wSy1u,106,40,1 rue de l'ile de France 94460 Valenton,"6 bld mickael faraday,  marne la vallee , France",-173,test_1@test.com,FINISHED,76,62,
2023-05-09,Company A,IFbl5rk,51,28,"20 Avenue René Cassin, Lyon, France","6 Avenue de l'Industrie, 69960 Corbas, France",44,test_2@test.com,FINISHED,40,169,
2023-05-09,Company A,PzhpWYb,51,28,"Rue Joseph Cugnot, Rezé, France","Rue Santos Dumont, 44860 Saint-Aignan-Grandlieu, France",-122,test_5@test.com,FINISHED,16,85,3
2023-05-09,Company A,23Z6WCo,20,20,"15 Place Georges Pompidou, Montigny-le-Bretonneux, France","39 Avenue Louis Breguet, 78140 Vélizy-Villacoublay, France",28,test_3@test.com,FINISHED,42,35,
2023-05-09,Company D,6CxAisb,38,26,"107 Avenue Gabriel Péri, Saint-Ouen-sur-Seine, France","30 Rue de Paris, 93130 Noisy-le-Sec, France",-83,test_2@test.com,FINISHED,20,37,
2023-05-09,Company D,HntIdVB,38,22,"30 Rue de Paris, 93130 Noisy-le-Sec, France","26 Rue Louis Delplace, Drancy, France",-158,test_5@test.com,FINISHED,14,32,
2023-05-09,Company D,PONhtAV,38,24,"30 Rue de Paris, 93130 Noisy-le-Sec, France","6 Avenue des Rochers, Le Perreux-sur-Marne, France",-171,test_2@test.com,FINISHED,22,52,
2023-05-09,Company D,SKwMi9K,38,21,"26 Rue Louis Delplace, Drancy, France","30 Rue de Paris, 93130 Noisy-le-Sec, France",-30,test_3@test.com,FINISHED,8,44,
2023-05-09,Company B,1qJAeIk,47.3,37,"49 Avenue des Capucines, Pontault-Combault, France","74, route de la Reine 92100 Boulogne",71,test_1@test.com,FINISHED,78,111,
2023-05-09,Company B,DfqVRje,30,20,"9 Quai du Point-du-Jour, Boulogne-Billancourt, France","74, route de la Reine 92100 Boulogne",44,test_4@test.com,FINISHED,6,34,
2023-05-09,Company B,GHmxUsB,30,20,"47 Rue des Peupliers, 92100 Boulogne-Billancourt, France","74, route de la Reine 92100 Boulogne",6,test_1@test.com,FINISHED,6,30,
2023-05-09,Company B,HU51Lc8,30,21,"17 Rue du Docteur Lancereaux, Paris, France","29 Rue Frémicourt, 75015 Paris, France",-44,test_1@test.com,FINISHED,10,54,
2023-05-09,Company F,ANcQvHx,334,255,"Rue des Vernaies, Thônes, France","11 Rue de l'Imprimerie, Montpellier, France",25,test_3@test.com,FINISHED,830,354,
2023-05-09,Company F,4yxxC87,22.5,20,"46 Avenue George V, Paris, France","11 Rue des Sablons, 75116 Paris, France",-142,test_5@test.com,FINISHED,6,42,
2023-05-09,Company F,aV8Q4x0,22.5,20,"92 Avenue Gambetta, Paris, France","11 Rue des Sablons, 75116 Paris, France",-92,test_2@test.com,FINISHED,32,78,
2023-05-09,Company F,RK7zzw3,193,100,"14 Rte de Dhuizon, 41250 Neuvy, France","79 Avenue du Général de Gaulle, Maisons-Alfort, France",-79,test_3@test.com,FINISHED,336,241,
2023-05-09,Company E,3SjmEFg,48,30,"9 Av. Claude Vellefaux, 75010 Paris, France","98 Rue Jean Jaurès, Levallois-Perret, France",-117,test_2@test.com,FINISHED,20,78,
2023-05-09,Company E,kbhbf6p,48,21,"9 Av. Claude Vellefaux, 75010 Paris, France","98 Rue Jean Jaurès, Levallois-Perret, France",-185,test_4@test.com,FINISHED,20,67,
2023-05-09,Company G,saKCJiz,167,120,"237 Cours Libération, BP 2348 38033, Grenoble France","40 Chemin de Paisy, Limonest, France",-166,test_5@test.com,FINISHED,256,221,
2023-05-10,Company G,7jwj1Jm,106,31,1 rue de l'ile de France 94460 Valenton,"3 rue de la resistance , Sarcelles, France",150,test_2@test.com,FINISHED,84,87,
2023-05-10,Company H,JCSNKQz,58,29,"4 rue des freres caudron, Velizy villacoublay, France",1 rue de l'ile de France 94460 Valenton,108,test_1@test.com,FINISHED,52,82,
2023-05-10,Company H,LUdM99s,58,30,"2 rue paul doumer, Palaiseau, France",1 rue de l'ile de France 94460 Valenton,-62,test_3@test.com,FINISHED,52,53,
2023-05-10,Company H,3tFF16l,20,25,"39 Avenue Louis Breguet, 78140 Vélizy-Villacoublay, France","15 Place Georges Pompidou, Montigny-le-Bretonneux, France",-140,test_4@test.com,FINISHED,24,46,
2023-05-10,Company H,AkCckmz,38,25,"30 Rue de Paris, 93130 Noisy-le-Sec, France","15 Allée du Docteur Albert Schweitzer, Vincennes, France",-70,test_2@test.com,FINISHED,22,56,
2023-05-10,Company J,NVFJUUi,38,23,"3 Rue Jules Verne, Drancy, France","30 Rue de Paris, 93130 Noisy-le-Sec, France",-123,test_5@test.com,FINISHED,10,30,
2023-05-10,Company J,EQyrfEN,28,21,"17 Rue du Docteur Lancereaux, Paris, France","105, Bd Gabriel Péri 92240 Malakoff",-60,test_2@test.com,FINISHED,26,47,
2023-05-10,Company J,O5agnDW,30,21,"3 Avenue Desfeux, Boulogne-Billancourt, France","74, route de la Reine 92100 Boulogne",-131,test_1@test.com,FINISHED,4,19,
2023-05-10,Company J,PfHWnv5,30,21,"29 Rue Frémicourt, 75015 Paris, France","2 Rue des Vergers, Châtillon, France",-218,test_5@test.com,FINISHED,12,41,
2023-05-10,Company K,IB7V9BM,103,70,"163 Quai Aulagnier, Asnières-sur-Seine, France","Rue du Bois Barbier, 60880 Le Meux, France","1,262",test_1@test.com,FINISHED,166,"1,055",
2023-05-10,Company K,iz8Fewr,103,63,"Avenue de Fouilleuse, Rueil-Malmaison, France","Rue du Bois Barbier, 60880 Le Meux, France",-152,test_4@test.com,FINISHED,190,136,
2023-05-10,Company K,5EeHW3a,22.5,20,"116 Avenue Henri Barbusse, 92700 Colombes, France","28 Allée d'Aquitaine, Nanterre, France",-164,test_1@test.com,FINISHED,8,40,
2023-05-10,Company K,PN49AOw,22.5,20,"11 Rue des Sablons, 75116 Paris, France","116 Avenue Henri Barbusse, Colombes, France",-212,test_1@test.com,FINISHED,16,67,
2023-05-10,Company K,a5ysYjX,22.5,20,"2 Place Jean Millier, Courbevoie, France","116 Avenue Henri Barbusse, 92700 Colombes, France",-109,test_3@test.com,FINISHED,8,37,
2023-05-10,Company C,rHXRZ6F,22.5,15,"28 Allée d'Aquitaine, Nanterre, France","116 Avenue Henri Barbusse, 92700 Colombes, France",35,test_4@test.com,FINISHED,8,62,
2023-05-10,Company C,L6xJzZm,75,40,"1051 Rue des Cormiers, 78630 Orgeval, France","8 Rue Vernet, Paris, France",-137,test_4@test.com,FINISHED,62,59,
2023-05-10,Company P,vpj2rfE,90,65,"28 Avenue Maurice Thorez, Vénissieux, France","7 Rue des Frères Salvez, 01500 Ambérieu-en-Bugey, France",200,test_2@test.com,FINISHED,120,251,
2023-05-10,Company P,w8FRtIE,125,143,"851 Rue de la Loire, 45560 Saint-Denis-en-Val, France","Rue de la Gare, 18000 Bourges, France",7,test_1@test.com,FINISHED,212,133,
2023-05-10,Company Q - R,zmePpPO,165,138,"1 Rue du Firstplan, Osenbach, France","Rue de l'Ingénieur Kind, 57600 Forbach, France",-242,test_4@test.com,FINISHED,402,207,
2023-05-10,Company S,NzMybwn,80,14,"8 Via Angelo Rizzoli, Milano, Italia","Via I Maggio, 103, 20863 Concorezzo, Provincia di Monza e della Brianza, Lombardia, Italia",-162,test_3@test.com,FINISHED,34,18,
2023-05-10,Company S,wgbcbka,80,14,"Via Giovanni Capranesi, 43, 00155 Roma, Metropolitan City of Rome Capital, Lazio, Italia","40 Piazzale dell'Industria, Roma, Italia",-203,test_1@test.com,FINISHED,54,83,
2023-05-10,Company T - U,DsJp7uO,25,15,"1567 Route de la Châtaignière, Limonest, France","6 Rue Joannes Carret, 69009 Lyon, France",-100,test_2@test.com,FINISHED,14,45,
2023-05-10,Company T - U,62Z8NhY,35,18,"4 Avenue Gabriel Péri, 78360 Montesson, France","7 Rond-Point de l'Étoile, Vaucresson, France",-40,test_3@test.com,FINISHED,18,41,
2023-05-10,Company T - U,mHM3ERW,195.16,153.79,"237 Cours Libération, BP 2348 38033, Grenoble France","116 Cr Lafayette, 69003 Lyon, France",-259,test_4@test.com,CANCELLED,246,978,
2023-05-10,Company V - W,o1v99Al,913.68,555.02,"1 rue joseph Cugnot, . 38300, Bourgoin Jallieu France","52 Rue Jacquard, Lagny-sur-Marne, France",642,test_3@test.com,FINISHED,"2,1","1,506",
2023-05-10,Company V - W,tizqrfH,51,24,"8 Avenue Vladimir Illitch Lénine, Nanterre, France","22 Rue des Deux Gares, Rueil-Malmaison, France",69,test_5@test.com,FINISHED,6,54,
2023-05-10,Company V - W,OlZuNiO,296,226,"19 Av. des Peupliers, 35510 Cesson-Sévigné, France","8 Rue Roger Quille, Montmagny, France",-37,test_3@test.com,FINISHED,762,296,
2023-05-11,Company V - W,0LQvtfG,103,75,"59 rue de provence,  paris, France","Route de Picardie, 60190 Avrigny, France",-128,test_2@test.com,FINISHED,168,210,
2023-05-11,Company L - M,6KBJYpf,103,75,"59 rue de provence,  paris, France","Route de Picardie, 60190 Avrigny, France",-324,test_4@test.com,FINISHED,168,126,
2023-05-11,Company L - M,7SlVpqM,175,100,"Route de Picardie, 60190 Avrigny, France","1 rue daddy,  bezannes, France",-35,test_1@test.com,FINISHED,246,150,
2023-05-11,Company L - M,0MCIoS1,33.75,26,"39 Avenue Louis Breguet, 78140 Vélizy-Villacoublay, France","6 Rue Marcel Paul, Massy, France",-142,test_3@test.com,FINISHED,36,65,
2023-05-11,Company L - M,3Unr5nV,30,22,"66 Avenue Pierre Brossolette, 92240 Malakoff, France","74, route de la Reine 92100 Boulogne",-129,test_1@test.com,FINISHED,14,32,
2023-05-11,Company L - M,Ai37txd,83.05,38,"74, route de la Reine 92100 Boulogne","49 Avenue des Capucines, Pontault-Combault, France",-191,test_2@test.com,FINISHED,76,95,
2023-05-11,Company A,Y51Qbon,38,26,"1 Rue Jean Hémard, Créteil, France","11 Boulevard du Colonel Fabien, 94200 Ivry-sur-Seine, France",-99,test_5@test.com,FINISHED,12,43,
2023-05-11,Company A,Zn0qcn0,25,20,"2 Rue Jean Moulin, Les Lilas, France","30 Rue de Paris, 93130 Noisy-le-Sec, France",-113,test_3@test.com,FINISHED,8,26,
2023-05-11,Company B,dkvHHTJ,38,24,"21 Rue de la Marseillaise, Vincennes, France","30 Rue de Paris, 93130 Noisy-le-Sec, France",-34,test_2@test.com,FINISHED,14,46,
2023-05-11,Company B,BZ968FY,22.5,20,"42 Rue de Bellevue, Boulogne-Billancourt, France","116 Avenue Henri Barbusse, 92700 Colombes, France",-145,test_1@test.com,FINISHED,22,53,
2023-05-11,Company B,UwIWy33,35.55,33,"15-17 Rue Barbès, 92120 Montrouge, France","25 Rue Louis Léon Lepoutre, Nogent-sur-Marne, France",-123,test_1@test.com,FINISHED,34,78,
2023-05-11,Company C,WgUwFw4,22.5,15,"116 Avenue Henri Barbusse, 92700 Colombes, France","49 Avenue Georges Pompidou, Levallois-Perret, France",-166,test_5@test.com,FINISHED,10,33,
2023-05-11,Company C,cTCVdza,29.7,24,"25 Rue Louis Léon Lepoutre, Nogent-sur-Marne, France","15-17 Rue Barbès, 92120 Montrouge, France",-111,test_1@test.com,CANCELLED,32,77,
2023-05-11,Company D,uDZmTqt,22.5,20,"143 Avenue de Verdun, Issy-les-Moulineaux, France","15-17 Rue Barbès, 92120 Montrouge, France",-12,test_2@test.com,FINISHED,16,43,
2023-05-11,Company D,E51jJE4,515,331.15,"4 Rue Gaye Marie, Toulouse, France","1 Rue Ampère, Pontoise, France",393,test_3@test.com,FINISHED,"1,458","1,194",
2023-05-11,Company D,Xl9d7K6,275,265.98,"14 Rte de Dhuizon, 41250 Neuvy, France","3 Rue Gambetta, Mâcon, France",-170,test_2@test.com,FINISHED,668,327,
2023-05-11,Company D,3flUwOh,145,124,"1 Rue des Fusillés, Gap, France","SOMEDAT STVA, QUARTIER DU PARC DE L'ARTILLERIE, MIRAMAS, 13140, FRA","1,144",test_5@test.com,FINISHED,392,"1,116",
2023-05-11,Company E,xC3YQ8i,435.48,397.57,"135 Rue Pasteur, Bordeaux, France","1598 Rte de Quarante Sous, 78630 Orgeval, France",648,test_4@test.com,FINISHED,"1,202","1,389",
2023-05-11,Company E,BuE48Pj,58,34,"20 Rue Louise de Vilmorin, 91630 Avrainville, France","20 Rue Louis David, Bagnolet, France",-197,test_3@test.com,FINISHED,82,97,
2023-05-11,Company E,lZG4niU,233,200,"20 Rue Louise de Vilmorin, 91630 Avrainville, France","9 Rue de la Mairie, Louzy, France",-207,test_1@test.com,FINISHED,584,309,
2023-05-11,Company E,UuDNGQh,39,26,"42 Rue des Tuileries, 67460 Souffelweyersheim, France","23 Rue du Marais Vert, Strasbourg, France",-171,test_5@test.com,FINISHED,14,35,
2023-05-11,Company F,hMM8Twx,39,26,"23 Rue du Marais Vert, Strasbourg, France","42 Rue des Tuileries, 67460 Souffelweyersheim, France",-146,test_4@test.com,FINISHED,12,40,
2023-05-11,Company F,4HpwkSp,35,22,"449 Av. de Dunkerque, 59160 Lille, France","4 Place de la Victoire, Linselles, France",-167,test_5@test.com,CANCELLED,32,44,
2023-05-11,Company F,f7wjrsl,35,24,"4 Place de la Victoire, Linselles, France","449 Av. de Dunkerque, 59160 Lille, France",-24,test_5@test.com,FINISHED,32,52,
2023-05-12,Company F,0AcYeB2,84,58,"697 route des vignerons,  portes des pierres dorees, France","7 Rue des Frères Salvez, 01500 Ambérieu-en-Bugey, France",-165,test_3@test.com,FINISHED,134,99,
2023-05-12,Company F,0Xp32qD,51,32,"81 rue de l'acacia,  salon de provence, France","SOMEDAT STVA, QUARTIER DU PARC DE L'ARTILLERIE, MIRAMAS, 13140, FRA",315,test_4@test.com,FINISHED,34,79,
2023-05-12,Company G,9kqjAVb,84,60,"329 chemin de bramfaim,  valencin, France","7 Rue des Frères Salvez, 01500 Ambérieu-en-Bugey, France",-37,test_3@test.com,FINISHED,124,78,
2023-05-12,Company G,20jvq9Z,175,130,"8 Rue Blaise Pascal, Chartres, France","Rue du Bois Barbier, 60880 Le Meux, France","3,928",test_3@test.com,FINISHED,346,"3,867",
2023-05-12,Company G,4GdlYfa,58,32,"1 Allée Colette, Rillieux-la-Pape, France","6 Avenue de l'Industrie, 69960 Corbas, France",-42,test_2@test.com,FINISHED,56,92,
2023-05-12,Company G,EYVOhQ7,103,70,"4 Rue Joseph Leclainche, Gennevilliers, France","Rue du Bois Barbier, 60880 Le Meux, France",253,test_4@test.com,FINISHED,168,19,
2023-05-12,Company H,Encusmv,257,460.43,"Route de la Meyze, Nexon, France","Rue Santos Dumont, 44860 Saint-Aignan-Grandlieu, France","3,854",test_1@test.com,FINISHED,686,"3,715",
2023-05-12,Company H,O6G6syq,103,70,"86 Rue Thiers, Boulogne-Billancourt, France","Rue du Bois Barbier, 60880 Le Meux, France",-117,test_3@test.com,FINISHED,186,98,
2023-05-12,Company H,RfgUoDU,80,45,"26 Allée des Frères Voisin, Paris, France","76 Rue Waldeck-Rousseau, Vaires-sur-Marne, France",-170,test_2@test.com,FINISHED,78,12,
2023-05-12,Company H,3g1CsCd,88,36,"30 Rue de Paris, 93130 Noisy-le-Sec, France","2 Mail des Droits de l'Homme, Noisy-le-Grand, France",-105,test_1@test.com,FINISHED,40,63,
2023-05-12,Company I,GLAH91Q,38,25,"30 Rue de Paris, 93130 Noisy-le-Sec, France","14 Allée Espécel, Villemomble, France",-103,test_3@test.com,FINISHED,12,28,
2023-05-12,Company I,Q8QkYAz,44,25,"2 Mail des Droits de l'Homme, Noisy-le-Grand, France","30 Rue de Paris, 93130 Noisy-le-Sec, France",-169,test_4@test.com,FINISHED,44,49,
2023-05-12,Company I,QeRXWkD,25,20,"30 Rue de Paris, 93130 Noisy-le-Sec, France","174 Rue Diderot, Pantin, France",-173,test_2@test.com,FINISHED,12,32,
2023-05-12,Company J,BetLPTQ,85,52,"97 Avenue Gallieni, 93140 Bondy, France","8 Rue Faidherbe, Paris, France",-103,test_1@test.com,FINISHED,52,124,
2023-05-12,Company J,YovQJbz,30,21,"29 Rue Frémicourt, 75015 Paris, France","17 Rue du Docteur Lancereaux, Paris, France",-180,test_1@test.com,FINISHED,10,49,
2023-05-12,Company K,erPsbPZ,33.75,23,"74, route de la Reine 92100 Boulogne","66 Avenue Pierre Brossolette, 92240 Malakoff, France",-109,test_5@test.com,FINISHED,14,48,
2023-05-12,Company K,FNsUhws,22.5,15,"80 Rue de Longchamp, 75016 Paris, France","11 Rue César Franck, Paris, France",-154,test_3@test.com,FINISHED,8,34,
2023-05-12,Company K,NqKfz04,22.5,20,"15-17 Rue Barbès, 92120 Montrouge, France","143 Avenue de Verdun, Issy-les-Moulineaux, France",-164,test_1@test.com,FINISHED,16,60,
2023-05-12,Company K,5annVRs,533,444.25,"5 Rte des Loges, 91290 La Norville, France","18 Rue de Montauby, Saint-Martin-de-Seignanx, France",326,test_3@test.com,FINISHED,"1,486",13,
2023-05-12,Company L - M,yNW4Lqe,58,35,"20 Rue Louise de Vilmorin, 91630 Avrainville, France","40 Rue du Bois, La Verrière, France",-268,test_2@test.com,FINISHED,88,13,
2023-05-12,Company L - M,6NhmF6j,158,100,"184 Av. du Mont Riboudet, 76000 Rouen, France","1 Rue Abel Gance, Bois-d'Arcy, France",61,test_3@test.com,CANCELLED,308,410,
2023-05-12,Company L - M,No1ytvQ,158,100,"184 Av. du Mont Riboudet, 76000 Rouen, France","1 Rue Abel Gance, Bois-d'Arcy, France",-77,test_2@test.com,FINISHED,308,97,
2023-05-12,Company L - M,VfPNqGW,158,100,"184 Av. du Mont Riboudet, 76000 Rouen, France","1 Rue Abel Gance, Bois-d'Arcy, France",-150,test_4@test.com,FINISHED,308,182,
2023-05-12,Company L - M,DaP1HE1,25,21,"6 Rue Joannes Carret, 69009 Lyon, France","378 Avenue de l'Industrie, Rillieux-la-Pape, France",-187,test_3@test.com,FINISHED,24,38,
2023-05-12,Company N - O,1l0N7us,125,100,"7 Chemin des Berges, Annecy, France","7 Rue des Frères Salvez, 01500 Ambérieu-en-Bugey, France",-104,test_4@test.com,FINISHED,202,150,
2023-05-12,Company N - O,MyBp6VJ,342.91,206.49,"16 Avenue de la Blandinais, Saint-Étienne-de-Montluc, France","1598 Rte de Quarante Sous, 78630 Orgeval, France","3,531",test_1@test.com,FINISHED,908,"4,014",
2023-05-12,Company N - O,FdBSENu,39,33,"4 Rue Emile Mathis, 67800 Hœnheim, France","13 Rue de la Nuée Bleue, Strasbourg, France",-174,test_1@test.com,FINISHED,14,29,
2023-05-12,Company N - O,FknjeAJ,39,40,"13 Rue de la Nuée Bleue, Strasbourg, France","4 Rue Emile Mathis, 67800 Hœnheim, France",-105,test_3@test.com,FINISHED,12,44,
2023-05-12,Company P,kxNScP0,109,73,"Rue d'Ariane, Chessy, France","7 Av. Roger Hennequin, Trappes, France",-298,test_5@test.com,FINISHED,146,116,
2023-05-15,Company P,0L6kuki,103,86,"271 Rue de Péchabout, Agen, France","1 Avenue de l'Europe, 31620 Castelnau-d'Estrétefonds, France",-85,test_1@test.com,FINISHED,170,107,
2023-05-15,Company P,0RLQigE,127,86,"6 rue de la haye, Schiltigheim, France","Rue de l'Ingénieur Kind, 57600 Forbach, France",-168,test_4@test.com,FINISHED,256,95,
2023-05-15,Company P,3V6ilv6,223,143.29,"WA, ZA DES ANSEREUILLES, ALLEE DE LA DEULE, WAVRIN, FRANCE, 59136, France","24 rue de la villageoise,  creil, France",-384,test_1@test.com,FINISHED,382,240,
2023-05-15,Company Q - R,9EbNbMY,103,87,"36 rue lafayette,  le mans, France","Rue Bennefray, Rives-du-Loir-en-Anjou, France",-419,test_5@test.com,FINISHED,162,67,
2023-05-15,Company Q - R,BMNLXsg,175,175,"Clos du Grand Chemin, 79210 Prin-Deyrançon, France","Rue Santos Dumont, 44860 Saint-Aignan-Grandlieu, France",-236,test_4@test.com,FINISHED,326,142,
2023-05-15,Company Q - R,U2XXpkf,570,453,"1 Avenue des Prés, Guyancourt, France","97 Route du Bousquet, Bretagne-de-Marsan, France",-208,test_4@test.com,FINISHED,"1,434",490,
2023-05-15,Company Q - R,CJUBU9x,257,215.89,"1 Rue du Danemark, 56400 Auray, France","75 Promenade des Cours, Poitiers, France",-116,test_3@test.com,FINISHED,636,280,
2023-05-15,Company S,kcXWsZ4,58,30,"14 Allée du Bec de Canard, Saint-Nom-la-Bretèche, France","19 Rue d'Arcueil, Rungis, France",99,test_2@test.com,CANCELLED,70,72,
2023-05-15,Company S,p0XACJC,60,30,"13 Rue Lazare Carnot, Le Pré-Saint-Gervais, France","26 Allée des Frères Voisin, Paris, France",110,test_5@test.com,FINISHED,40,49,
2023-05-15,Company S,CDQXwtO,25,20,"30 Rue de Paris, 93130 Noisy-le-Sec, France","20 Avenue du Général Leclerc, Pantin, France",-175,test_1@test.com,FINISHED,14,39,
2023-05-15,Company S,DOUVzTy,25,20,"20 Avenue du Général Leclerc, Pantin, France","30 Rue de Paris, 93130 Noisy-le-Sec, France",-103,test_1@test.com,FINISHED,8,29,
2023-05-15,Company A,4hKtBEQ,235,180,"21 Rue des Pépinières, Longeville-lès-Metz, France","1598 Rte de Quarante Sous, 78630 Orgeval, France",-1,test_4@test.com,FINISHED,714,246,
2023-05-15,Company A,RlpBudV,90,74,"220 Rue du Bois de la Chapelle, Montagna-le-Reconduit, France","7 Rue des Frères Salvez, 01500 Ambérieu-en-Bugey, France",-97,test_1@test.com,FINISHED,128,95,
2023-05-15,Company A,okhSmoU,125,230,"6 Chemin des Plots, Devay, France","Rue de la Gare, 18000 Bourges, France",-242,test_3@test.com,CANCELLED,228,138,
2023-05-15,Company B,KuwouiJ,160,134,"2 Via Don Carlo Marzocchi, Casalecchio di Reno, Italia","Via I Maggio, 103, 20863 Concorezzo, Provincia di Monza e della Brianza, Lombardia, Italia",-43,test_1@test.com,FINISHED,476,232,
2023-05-15,Company B,7iU2LH5,145,100,"20 Rue Louise de Vilmorin, 91630 Avrainville, France","90 Rue Charles de Gaulle, Freneuse, France",-160,test_2@test.com,FINISHED,210,94,
2023-05-15,Company C,LxHRpxS,76,37,"5 Rte des Loges, 91290 La Norville, France","29 Avenue Louis Breguet, Vélizy-Villacoublay, France",-216,test_1@test.com,FINISHED,84,66,
2023-05-15,Company C,XcMcIVL,30,20,"28 Rue Escudier, Boulogne-Billancourt, France","74, route de la Reine 92100 Boulogne",-117,test_1@test.com,FINISHED,4,24,
2023-05-16,Company D,1Y3ABGp,199,142,"336 boulevard duhamel du monceau, Olivet, France","Rue Bennefray, Rives-du-Loir-en-Anjou, France",792,test_5@test.com,FINISHED,420,"1,03",
2023-05-16,Company D,4FZ2wvl,199,170,"85 av occitanie,  saint maur, France","Rue Bennefray, Rives-du-Loir-en-Anjou, France",-195,test_3@test.com,FINISHED,438,232,
2023-05-16,Company D,FzZ9Ir9,106,33,1 rue de l'ile de France 94460 Valenton,"2 rue de la paix,  colombes, France",-163,test_2@test.com,FINISHED,90,92,
2023-05-16,Company D,LCQx8YR,344,280,"7 Rue des Frères Salvez, 01500 Ambérieu-en-Bugey, France","14 16 rue saint luc,  chateauroux, France",-42,test_3@test.com,FINISHED,716,286,
2023-05-16,Company E,Ba30lK6,30,15,"26 All. des Frères Voisin, 75015 Paris, France","26 Allée des Frères Voisin, Paris, France",-125,test_3@test.com,FINISHED,0,16,
2023-05-16,Company E,Hkvy12c,22.5,15,"93 Avenue Emile Zola, 75015 Paris, France","100 Avenue de Suffren, Paris, France",-226,test_3@test.com,FINISHED,4,23,
2023-05-16,Company E,Omh4qMc,296,228,"Rue d'Illzach, Kingersheim, France","6 Avenue de l'Industrie, 69960 Corbas, France",-189,test_2@test.com,FINISHED,748,391,
2023-05-16,Company E,LeKLulI,40,40,"124 Rue Alfred Dequeant, 92000 Nanterre, France","126 Avenue du Général Leclerc, Pantin, France",-283,test_4@test.com,CANCELLED,42,219,
2023-05-16,Company F,YZUq46Z,34.65,18,"74, route de la Reine 92100 Boulogne","42 Rue de l'Avenir, Clichy, France",-86,test_1@test.com,FINISHED,24,74,
2023-05-16,Company F,banTRwf,28,15,"29 Rue Frémicourt, 75015 Paris, France","17 Rue du Docteur Lancereaux, Paris, France",-207,test_3@test.com,FINISHED,10,45,
2023-05-16,Company F,niAR0F0,30,21,"42 Rue de l'Avenir, Clichy, France","74, route de la Reine 92100 Boulogne",-126,test_2@test.com,FINISHED,22,61,
2023-05-16,Company F,Ul7E00Q,25,20,"11 Rue du Commandeur, Paris, France","11 Boulevard du Colonel Fabien, 94200 Ivry-sur-Seine, France",-113,test_1@test.com,FINISHED,18,42,
2023-05-16,Company F,rvTCbrs,25,20,"11 Boulevard du Colonel Fabien, 94200 Ivry-sur-Seine, France","11 Rue du Commandeur, Paris, France",-127,test_3@test.com,FINISHED,22,62,
2023-05-16,Company G,xezNHQ7,38,23,"86 Avenue du 18 Juin 1940, Rueil-Malmaison, France","11 Boulevard du Colonel Fabien, 94200 Ivry-sur-Seine, France",-53,test_4@test.com,FINISHED,48,74,
2023-05-16,Company,JUi2GmH,75,50,"16 Allée Maximilien de Robespierre, Martigues, France","SOMEDAT STVA, QUARTIER DU PARC DE L'ARTILLERIE, MIRAMAS, 13140, FRA",-183,test_2@test.com,FINISHED,58,85,